source_pointer,rq,study,task,method,contrast,left,right,n,delta_pp,ci95_pp,improved,worsened,strata,p_exact,paired_median_latency_delta_s,latency_ci95_s,p_holm,holm_family_size,outside_3pp_reference,metric
/contrasts/0,RQ-A,SoK,policy,cheapest,padded minus base,padded,base,120,0.0,"[0.0, 0.0]",0,0,4,1.0,4.631200000915214e-05,"[4.614600000252267e-05, 4.641600000354629e-05]",1,89,False,
/contrasts/1,RQ-A,SoK,policy,cheapest,repeated minus base,repeated,base,120,0.0,"[0.0, 0.0]",0,0,4,1.0,0.00012575049998986287,"[0.00012427149999894027, 0.00012708299999530936]",1,89,False,
/contrasts/2,RQ-A,SoK,policy,cheapest,effective16 minus base,effective16,base,120,-16.666666666666664,"[-23.333333333333332, -10.833333333333334]",0,20,4,1.9073486328125e-06,5.0374000011288445e-05,"[5.0249999986817784e-05, 5.045800000402778e-05]",0.0001316070556640625,89,True,
/contrasts/3,RQ-A,SoK,policy,cheapest,effective64 minus base,effective64,base,120,-40.0,"[-49.166666666666664, -31.666666666666664]",0,48,4,7.105427357601002e-15,6.677100002150382e-05,"[6.666599998084166e-05, 6.695799996236929e-05]",6.110667527536862e-13,89,True,
/contrasts/4,RQ-A,SoK,policy,deepseek,padded minus base,padded,base,120,-5.0,"[-10.833333333333334, 0.8333333333333334]",4,10,4,0.1795654296875,0.03045360349999271,"[-0.010856181087475025, 0.09599583199997141]",1,89,False,
/contrasts/5,RQ-A,SoK,policy,deepseek,repeated minus base,repeated,base,120,-3.3333333333333335,"[-10.833333333333334, 4.166666666666666]",9,13,4,0.5234670639038086,0.09856143750000257,"[0.011239333999995438, 0.1236507499999675]",1,89,False,
/contrasts/6,RQ-A,SoK,policy,deepseek,effective16 minus base,effective16,base,120,-15.0,"[-24.166666666666668, -5.833333333333333]",8,26,4,0.0029350556433200836,0.05301297949999295,"[0.015068499500046073, 0.10207108300007661]",0.16436311602592468,89,True,
/contrasts/7,RQ-A,SoK,policy,deepseek,effective64 minus base,effective64,base,120,-25.833333333333336,"[-37.5, -14.166666666666666]",15,46,4,8.837556327558756e-05,0.08483222949999458,"[0.023952020499962146, 0.099447084000019]",0.005567660486362016,89,True,
/contrasts/8,RQ-A,SoK,policy,first,padded minus base,padded,base,120,0.0,"[0.0, 0.0]",0,0,4,1.0,2.316650001432663e-05,"[2.3084000019935047e-05, 2.3249000008718212e-05]",1,89,False,
/contrasts/9,RQ-A,SoK,policy,first,repeated minus base,repeated,base,120,0.0,"[0.0, 0.0]",0,0,4,1.0,6.268749999094325e-05,"[6.170800000404597e-05, 6.337400000688831e-05]",1,89,False,
/contrasts/10,RQ-A,SoK,policy,first,effective16 minus base,effective16,base,120,-1.6666666666666667,"[-7.5, 4.166666666666666]",6,8,4,0.79052734375,2.51459999844883e-05,"[2.5084000014885532e-05, 2.5249000003668698e-05]",1,89,False,
/contrasts/11,RQ-A,SoK,policy,first,effective64 minus base,effective64,base,120,-5.833333333333333,"[-15.0, 3.3333333333333335]",13,20,4,0.296206368599087,3.2916999984422546e-05,"[3.283300002010492e-05, 3.300000000194814e-05]",1,89,False,
/contrasts/12,RQ-A,SoK,policy,gemini,padded minus base,padded,base,120,1.6666666666666667,"[-6.666666666666667, 9.166666666666666]",13,11,4,0.8388197422027588,0.15816056249997246,"[0.11841591750000191, 0.2194666874999811]",1,89,False,
/contrasts/13,RQ-A,SoK,policy,gemini,repeated minus base,repeated,base,120,1.6666666666666667,"[-7.5, 10.833333333333334]",16,14,4,0.8555355519056321,0.17173406299997396,"[0.1484007079999401, 0.22141095799997856]",1,89,False,
/contrasts/14,RQ-A,SoK,policy,gemini,effective16 minus base,effective16,base,120,-8.333333333333332,"[-18.333333333333332, 1.6666666666666667]",15,25,4,0.1538599441628321,0.1516860839999694,"[0.07402904200004912, 0.190694521499978]",1,89,False,
/contrasts/15,RQ-A,SoK,policy,gemini,effective64 minus base,effective64,base,120,-5.833333333333333,"[-16.666666666666664, 5.0]",20,27,4,0.38169339766321275,0.13429320850002568,"[0.08888695800002466, 0.1827814580000009]",1,89,False,
/contrasts/16,RQ-A,SoK,policy,glm47,padded minus base,padded,base,120,-3.3333333333333335,"[-8.333333333333332, 0.8333333333333334]",2,6,4,0.2890625,0.14148933299999555,"[0.0530518330000227, 0.20400929100000553]",1,89,False,
/contrasts/17,RQ-A,SoK,policy,glm47,repeated minus base,repeated,base,120,-5.0,"[-11.666666666666666, 1.6666666666666667]",5,11,4,0.210113525390625,0.2468197494999771,"[0.13564749899990147, 0.31445320800003174]",1,89,False,
/contrasts/18,RQ-A,SoK,policy,glm47,effective16 minus base,effective16,base,120,-15.833333333333332,"[-22.5, -9.166666666666666]",1,20,4,2.09808349609375e-05,0.07468460449996428,"[0.026643833999969502, 0.14827708400002848]",0.0013637542724609375,89,True,
/contrasts/19,RQ-A,SoK,policy,glm47,effective64 minus base,effective64,base,120,-30.833333333333336,"[-40.833333333333336, -20.833333333333336]",6,43,4,5.7277652842913085e-08,0.11597295849995959,"[0.04637731250001309, 0.2255092505000036]",4.467656921747221e-06,89,True,
/contrasts/20,RQ-A,SoK,policy,jev,padded minus base,padded,base,120,0.8333333333333334,"[-1.6666666666666667, 3.3333333333333335]",2,1,4,1.0,0.04369904200001429,"[0.022450791500006062, 0.08389339600000056]",1,89,False,
/contrasts/21,RQ-A,SoK,policy,jev,repeated minus base,repeated,base,120,3.3333333333333335,"[-0.8333333333333334, 8.333333333333332]",6,2,4,0.2890625,0.047510167000005765,"[0.013422665999911487, 0.08435835449997597]",1,89,False,
/contrasts/22,RQ-A,SoK,policy,jev,effective16 minus base,effective16,base,120,-8.333333333333332,"[-15.833333333333332, -0.8333333333333334]",6,16,4,0.052478790283203125,0.03367622999997799,"[0.010760832999991976, 0.05527883300010217]",1,89,False,
/contrasts/23,RQ-A,SoK,policy,jev,effective64 minus base,effective64,base,120,-50.0,"[-59.166666666666664, -40.833333333333336]",2,62,4,2.2562247209423347e-16,0.038934395499982344,"[0.015762375000022644, 0.058997334000082446]",1.9629155072198312e-14,89,True,
/contrasts/24,RQ-A,SoK,policy,qwen,padded minus base,padded,base,120,-2.5,"[-8.333333333333332, 3.3333333333333335]",5,8,4,0.5810546875,0.23886760450002953,"[0.2346250839999442, 0.24276605743746651]",1,89,False,
/contrasts/25,RQ-A,SoK,policy,qwen,repeated minus base,repeated,base,120,8.333333333333332,"[0.8333333333333334, 15.833333333333332]",17,7,4,0.06391465663909912,0.653422354500016,"[0.6468203954999856, 0.6623667090000254]",1,89,False,
/contrasts/26,RQ-A,SoK,policy,qwen,effective16 minus base,effective16,base,120,-14.166666666666666,"[-20.833333333333336, -8.333333333333332]",0,17,4,1.52587890625e-05,0.24609798000003025,"[0.2400303330000213, 0.25110270900006526]",0.0010223388671875,89,True,
/contrasts/27,RQ-A,SoK,policy,qwen,effective64 minus base,effective64,base,120,-16.666666666666664,"[-23.333333333333332, -10.0]",0,20,4,1.9073486328125e-06,0.2744298544999708,"[0.2701963329999444, 0.2817829999999901]",0.0001316070556640625,89,True,
/contrasts/28,RQ-A,SoK,policy,rule,padded minus base,padded,base,120,0.0,"[0.0, 0.0]",0,0,4,1.0,4.7832500001732114e-05,"[4.729099998712627e-05, 4.854200000181663e-05]",1,89,False,
/contrasts/29,RQ-A,SoK,policy,rule,repeated minus base,repeated,base,120,0.0,"[0.0, 0.0]",0,0,4,1.0,0.00012866600002325868,"[0.00012722949999499633, 0.00013062499999705324]",1,89,False,
/contrasts/30,RQ-A,SoK,policy,rule,effective16 minus base,effective16,base,120,0.0,"[0.0, 0.0]",0,0,4,1.0,5.268749997355826e-05,"[5.241600001681945e-05, 5.3292000018245744e-05]",1,89,False,
/contrasts/31,RQ-A,SoK,policy,rule,effective64 minus base,effective64,base,120,0.0,"[0.0, 0.0]",0,0,4,1.0,7.539599998551694e-05,"[7.425049999199018e-05, 7.639599999720303e-05]",1,89,False,
/contrasts/32,RQ-B,SoK,service,deepseek,prose minus complete,prose,complete,120,-2.5,"[-5.833333333333333, 0.8333333333333334]",1,4,12,0.375,-0.007299166499990406,"[-0.04026008300006367, 0.008452874999647975]",1,66,False,
/contrasts/33,RQ-B,SoK,service,deepseek,missing minus complete,missing,complete,120,88.33333333333333,"[83.33333333333334, 93.33333333333333]",106,0,12,2.465190328815662e-32,-0.014868979000098648,"[-0.03840156199999001, 0.012489374999987035]",1.4791141972893971e-30,66,True,
/contrasts/34,RQ-B,SoK,service,deepseek,stale minus complete,stale,complete,120,88.33333333333333,"[83.33333333333334, 93.33333333333333]",106,0,12,2.465190328815662e-32,-0.006639041999903839,"[-0.028666666499873372, 0.02572316750000425]",1.4791141972893971e-30,66,True,
/contrasts/35,RQ-B,SoK,service,deepseek,conflict minus complete,conflict,complete,120,88.33333333333333,"[83.33333333333334, 93.33333333333333]",106,0,12,2.465190328815662e-32,0.010927749999979142,"[-0.02072837500014657, 0.03980329199997357]",1.4791141972893971e-30,66,True,
/contrasts/36,RQ-B,SoK,service,deepseek,resolved minus complete,resolved,complete,120,-10.0,"[-15.0, -5.0]",1,13,12,0.0018310546875,-0.003390500500017879,"[-0.02645258299985187, 0.017320145499979844]",0.0640869140625,66,True,
/contrasts/37,RQ-E,SoK,service,deepseek,public-independent minus independent,public-independent,independent,120,34.166666666666664,"[25.0, 43.333333333333336]",44,3,12,2.4647306418046355e-10,0.0027138960001309442,"[-0.02146479149993752, 0.04363256250002223]",9.365976438857615e-09,45,True,
/contrasts/38,RQ-E,SoK,service,deepseek,public-complete minus complete,public-complete,complete,120,15.833333333333332,"[8.333333333333332, 23.333333333333332]",22,3,12,0.00015652179718017578,0.010486874499974874,"[-0.01674718750007287, 0.031105436999993685]",0.004852175712585449,45,True,
/contrasts/39,RQ-E,SoK,service,deepseek,public-disjoint minus disjoint,public-disjoint,disjoint,120,10.833333333333334,"[5.833333333333333, 15.833333333333332]",13,0,12,0.000244140625,0.01465518699990298,"[-0.011077249999857486, 0.0384292710000409]",0.00732421875,45,True,
/contrasts/40,RQ-E,SoK,service,deepseek,public-complete minus public-independent,public-complete,public-independent,120,-22.5,"[-31.666666666666664, -13.333333333333334]",6,33,12,1.429926123819314e-05,-0.012515958500330271,"[-0.054557000000045264, 0.008866833500064786]",0.0005004741433367599,45,True,
/contrasts/41,RQ-E,SoK,service,deepseek,complete minus independent,complete,independent,120,-4.166666666666666,"[-11.666666666666666, 3.3333333333333335]",9,14,12,0.4048728942871094,-0.003807270500047366,"[-0.030912562500049034, 0.03036022849991582]",1,45,False,
/contrasts/42,RQ-B,SoK,service,first,prose minus complete,prose,complete,120,0.0,"[0.0, 0.0]",0,0,12,1.0,4.1870000018207065e-06,"[3.999999997006398e-06, 4.623999998898398e-06]",1,66,False,
/contrasts/43,RQ-B,SoK,service,first,missing minus complete,missing,complete,120,74.16666666666667,"[66.66666666666666, 81.66666666666667]",89,0,12,3.2311742677852644e-27,-3.6250000050586095e-06,"[-3.7074999958974786e-06, -3.4790000000839427e-06]",1.7771458472818954e-25,66,True,
/contrasts/44,RQ-B,SoK,service,first,stale minus complete,stale,complete,120,74.16666666666667,"[66.66666666666666, 81.66666666666667]",89,0,12,3.2311742677852644e-27,-2.7920000036374404e-06,"[-2.8964999998493113e-06, -2.6669999968476077e-06]",1.7771458472818954e-25,66,True,
/contrasts/45,RQ-B,SoK,service,first,conflict minus complete,conflict,complete,120,74.16666666666667,"[66.66666666666666, 81.66666666666667]",89,0,12,3.2311742677852644e-27,3.374999995031658e-06,"[3.2909999987396077e-06, 3.4794999947962424e-06]",1.7771458472818954e-25,66,True,
/contrasts/46,RQ-B,SoK,service,first,resolved minus complete,resolved,complete,120,0.0,"[0.0, 0.0]",0,0,12,1.0,7.495000033941324e-07,"[6.255000002397537e-07, 8.329999978684555e-07]",1,66,False,
/contrasts/47,RQ-E,SoK,service,first,public-independent minus independent,public-independent,independent,120,0.0,"[0.0, 0.0]",0,0,12,1.0,-3.552713678800501e-15,"[-1.044999962118709e-07, 8.400000339747749e-08]",1,45,False,
/contrasts/48,RQ-E,SoK,service,first,public-complete minus complete,public-complete,complete,120,0.0,"[0.0, 0.0]",0,0,12,1.0,-6.199999802447564e-08,"[-1.4600000142195313e-07, 5.000089231543825e-10]",1,45,False,
/contrasts/49,RQ-E,SoK,service,first,public-disjoint minus disjoint,public-disjoint,disjoint,120,0.0,"[0.0, 0.0]",0,0,12,1.0,4.19999999223819e-08,"[-4.1999996369668224e-08, 1.249999962205095e-07]",1,45,False,
/contrasts/50,RQ-E,SoK,service,first,public-complete minus public-independent,public-complete,public-independent,120,2.5,"[-5.833333333333333, 10.833333333333334]",16,13,12,0.711071103811264,3.552713678800501e-15,"[-8.299999620930976e-08, 8.300000331473711e-08]",1,45,False,
/contrasts/51,RQ-E,SoK,service,first,complete minus independent,complete,independent,120,2.5,"[-5.833333333333333, 10.833333333333334]",16,13,12,0.711071103811264,4.19999999223819e-08,"[-8.400000339747749e-08, 1.2499999968440534e-07]",1,45,False,
/contrasts/52,RQ-B,SoK,service,gemini,prose minus complete,prose,complete,120,0.8333333333333334,"[-6.666666666666667, 8.333333333333332]",12,11,12,1.0,-0.018334479000017723,"[-0.07981168750014334, 0.017865833499953965]",1,66,False,
/contrasts/53,RQ-B,SoK,service,gemini,missing minus complete,missing,complete,120,70.0,"[62.5, 77.5]",84,0,12,1.0339757656912846e-25,-0.045437853999999334,"[-0.09939014650012723, -0.021096875000012005]",5.37667398159468e-24,66,True,
/contrasts/54,RQ-B,SoK,service,gemini,stale minus complete,stale,complete,120,70.0,"[62.5, 77.5]",84,0,12,1.0339757656912846e-25,-0.0548349165000559,"[-0.07983775000002424, -0.029248291000385507]",5.37667398159468e-24,66,True,
/contrasts/55,RQ-B,SoK,service,gemini,conflict minus complete,conflict,complete,120,-4.166666666666666,"[-15.833333333333332, 8.333333333333332]",30,35,12,0.6201447650813029,-0.05247179200011942,"[-0.08375954149994413, -0.02995520849992772]",1,66,False,
/contrasts/56,RQ-B,SoK,service,gemini,resolved minus complete,resolved,complete,120,-4.166666666666666,"[-10.0, 1.6666666666666667]",5,10,12,0.30175781249999994,1.7812500104241735e-05,"[-0.07026558250015569, 0.017805290999973522]",1,66,False,
/contrasts/57,RQ-E,SoK,service,gemini,public-independent minus independent,public-independent,independent,120,24.166666666666668,"[14.166666666666666, 34.166666666666664]",38,9,12,2.4904030624384174e-05,-0.012829874499971083,"[-0.04796683400013535, 0.019767584000021543]",0.0008467370412290619,45,True,
/contrasts/58,RQ-E,SoK,service,gemini,public-complete minus complete,public-complete,complete,120,3.3333333333333335,"[-5.833333333333333, 12.5]",18,14,12,0.5966148958541453,-0.0126854164998349,"[-0.05299341700002458, 0.023846165999955815]",1,45,False,
/contrasts/59,RQ-E,SoK,service,gemini,public-disjoint minus disjoint,public-disjoint,disjoint,120,15.833333333333332,"[5.833333333333333, 25.833333333333336]",31,12,12,0.005401572654591291,0.03471447900005842,"[0.006770312000128342, 0.07338993799984905]",0.14044088901937357,45,True,
/contrasts/60,RQ-E,SoK,service,gemini,public-complete minus public-independent,public-complete,public-independent,120,-24.166666666666668,"[-34.166666666666664, -14.166666666666666]",11,40,12,5.703811637403078e-05,-0.015570021500025177,"[-0.03819106149995832, 0.022979604499766992]",0.0018822578403430157,45,True,
/contrasts/61,RQ-E,SoK,service,gemini,complete minus independent,complete,independent,120,-3.3333333333333335,"[-11.666666666666666, 5.0]",14,18,12,0.5966148958541453,0.024524208000130443,"[-0.028456458499988457, 0.0760817295000038]",1,45,False,
/contrasts/62,RQ-B,SoK,service,glm47,prose minus complete,prose,complete,120,0.0,"[-2.5, 2.5]",1,1,12,1.0,-0.12773654099993337,"[-0.19389654099998666, -0.05386816700016084]",1,66,False,
/contrasts/63,RQ-B,SoK,service,glm47,missing minus complete,missing,complete,120,98.33333333333333,"[95.83333333333334, 100.0]",118,0,12,6.018531076210112e-36,-0.08564668650015506,"[-0.17251124999984313, -0.013733623999939937]",3.6713039564881683e-34,66,True,
/contrasts/64,RQ-B,SoK,service,glm47,stale minus complete,stale,complete,120,99.16666666666667,"[97.5, 100.0]",119,0,12,3.009265538105056e-36,-0.010119812999988653,"[-0.0675289785001496, 0.05278072950011392]",1.8958372890061853e-34,66,True,
/contrasts/65,RQ-B,SoK,service,glm47,conflict minus complete,conflict,complete,120,99.16666666666667,"[97.5, 100.0]",119,0,12,3.009265538105056e-36,-0.011347188000051744,"[-0.08308341650013062, 0.040788146000046765]",1.8958372890061853e-34,66,True,
/contrasts/66,RQ-B,SoK,service,glm47,resolved minus complete,resolved,complete,120,0.0,"[0.0, 0.0]",0,0,12,1.0,-0.015847875000069678,"[-0.10205941699996401, 0.0449104590001852]",1,66,False,
/contrasts/67,RQ-E,SoK,service,glm47,public-independent minus independent,public-independent,independent,120,58.333333333333336,"[49.166666666666664, 66.68749999999969]",71,1,12,3.091670257478196e-20,0.018745708499750435,"[-0.05440566599986596, 0.11611662399980105]",1.3912516158651883e-18,45,True,
/contrasts/68,RQ-E,SoK,service,glm47,public-complete minus complete,public-complete,complete,120,40.833333333333336,"[32.5, 49.166666666666664]",49,0,12,3.552713678800501e-15,-0.005235646000159022,"[-0.10462452100014019, 0.06509491650012933]",1.4566126083082054e-13,45,True,
/contrasts/69,RQ-E,SoK,service,glm47,public-disjoint minus disjoint,public-disjoint,disjoint,120,28.333333333333332,"[20.833333333333336, 35.833333333333336]",34,0,12,1.1641532182693481e-10,-0.04271804199993312,"[-0.10304774999985966, -0.002477145999989716]",4.540197551250458e-09,45,True,
/contrasts/70,RQ-E,SoK,service,glm47,public-complete minus public-independent,public-complete,public-independent,120,-17.5,"[-27.500000000000004, -7.5]",11,32,12,0.001913961001264397,-0.0038173544999722253,"[-0.07827474999987771, 0.1139385624999818]",0.05167694703413872,45,True,
/contrasts/71,RQ-E,SoK,service,glm47,complete minus independent,complete,independent,120,0.0,"[0.0, 0.0]",0,0,12,1.0,0.06238302100007331,"[-0.01729818699993757, 0.11663183399991794]",1,45,False,
/contrasts/72,RQ-B,SoK,service,jev,prose minus complete,prose,complete,120,-0.8333333333333334,"[-5.0, 3.3333333333333335]",3,4,12,1.0,-0.008500291499913715,"[-0.027945709000078978, 0.015760729499962878]",1,66,False,
/contrasts/73,RQ-B,SoK,service,jev,missing minus complete,missing,complete,120,88.33333333333333,"[82.5, 93.33333333333333]",106,0,12,2.465190328815662e-32,-0.0038015625000014097,"[-0.01754316799974731, 0.0179061044999429]",1.4791141972893971e-30,66,True,
/contrasts/74,RQ-B,SoK,service,jev,stale minus complete,stale,complete,120,87.5,"[81.66666666666667, 92.5]",105,0,12,4.930380657631324e-32,-0.0034307290001436286,"[-0.024946332999974175, 0.008072958000013841]",2.7610131682735413e-30,66,True,
/contrasts/75,RQ-B,SoK,service,jev,conflict minus complete,conflict,complete,120,30.0,"[20.0, 40.0]",48,12,12,3.183628737933597e-06,-0.007953271000047835,"[-0.028234708500065153, 0.006572707999964678]",0.00013109500514474348,66,True,
/contrasts/76,RQ-B,SoK,service,jev,resolved minus complete,resolved,complete,120,-2.5,"[-6.666666666666667, 1.6666666666666667]",3,6,12,0.5078125,6.481299996607959e-05,"[-0.015054667000001132, 0.018754667500047617]",1,66,False,
/contrasts/77,RQ-E,SoK,service,jev,public-independent minus independent,public-independent,independent,120,45.83333333333333,"[37.5, 54.166666666666664]",55,0,12,5.551115123125783e-17,0.009498707999995304,"[-0.012982207999954198, 0.029788020999831133]",2.3314683517128287e-15,45,True,
/contrasts/78,RQ-E,SoK,service,jev,public-complete minus complete,public-complete,complete,120,23.333333333333332,"[15.833333333333332, 30.833333333333336]",29,1,12,5.774199962615967e-08,0.005086187500040751,"[-0.014794479500267244, 0.019553978500070457]",2.078711986541748e-06,45,True,
/contrasts/79,RQ-E,SoK,service,jev,public-disjoint minus disjoint,public-disjoint,disjoint,120,32.5,"[25.0, 40.0]",39,0,12,3.637978807091713e-12,0.011104500000101325,"[-0.01317779199999336, 0.024314582999977574]",1.4551915228366852e-10,45,True,
/contrasts/80,RQ-E,SoK,service,jev,public-complete minus public-independent,public-complete,public-independent,120,-35.0,"[-45.0, -25.833333333333336]",5,47,12,1.2848229147266466e-09,-0.009446062499989694,"[-0.029125791500064224, 0.009668582500069078]",4.753844784488592e-08,45,True,
/contrasts/81,RQ-E,SoK,service,jev,complete minus independent,complete,independent,120,-12.5,"[-19.166666666666668, -5.833333333333333]",3,18,12,0.0014896392822265625,0.0037002915000243775,"[-0.012750249999953667, 0.02227018650009427]",0.04170989990234375,45,True,
/contrasts/82,RQ-B,SoK,service,per_stage,prose minus complete,prose,complete,120,0.0,"[0.0, 0.0]",0,0,12,1.0,4.6045000026140315e-06,"[4.270499999847743e-06, 5.082999997796378e-06]",1,66,False,
/contrasts/83,RQ-B,SoK,service,per_stage,missing minus complete,missing,complete,120,50.0,"[41.66666666666667, 59.166666666666664]",60,0,12,1.734723475976807e-18,-5.333000000717902e-06,"[-5.500000003877403e-06, -5.166999997641142e-06]",8.673617379884035e-17,66,True,
/contrasts/84,RQ-B,SoK,service,per_stage,stale minus complete,stale,complete,120,50.0,"[41.66666666666667, 59.166666666666664]",60,0,12,1.734723475976807e-18,-4.500000002849447e-06,"[-4.707500000478149e-06, -4.3544999961397934e-06]",8.673617379884035e-17,66,True,
/contrasts/85,RQ-B,SoK,service,per_stage,conflict minus complete,conflict,complete,120,50.0,"[41.66666666666667, 59.166666666666664]",60,0,12,1.734723475976807e-18,1.6239999993672427e-06,"[1.417000003556268e-06, 1.7079999992120065e-06]",8.673617379884035e-17,66,True,
/contrasts/86,RQ-B,SoK,service,per_stage,resolved minus complete,resolved,complete,120,0.0,"[0.0, 0.0]",0,0,12,1.0,7.49999998106432e-07,"[6.239999947865726e-07, 9.169999977132193e-07]",1,66,False,
/contrasts/87,RQ-E,SoK,service,per_stage,public-independent minus independent,public-independent,independent,120,0.0,"[0.0, 0.0]",0,0,12,1.0,1.2599999621443203e-07,"[-4.099999983964153e-08, 1.6700000315950092e-07]",1,45,False,
/contrasts/88,RQ-E,SoK,service,per_stage,public-complete minus complete,public-complete,complete,120,0.0,"[0.0, 0.0]",0,0,12,1.0,-2.0999998184834112e-08,"[-1.260000033198594e-07, 8.299999620930976e-08]",1,45,False,
/contrasts/89,RQ-E,SoK,service,per_stage,public-disjoint minus disjoint,public-disjoint,disjoint,120,0.0,"[0.0, 0.0]",0,0,12,1.0,-2.0500003472534445e-08,"[-8.39999998447638e-08, 1.24500001419392e-07]",1,45,False,
/contrasts/90,RQ-E,SoK,service,per_stage,public-complete minus public-independent,public-complete,public-independent,120,-50.0,"[-59.166666666666664, -41.66666666666667]",0,60,12,1.734723475976807e-18,7.105427357601002e-15,"[-6.249999984220267e-08, 1.454999996042261e-07]",7.632783294297951e-17,45,True,
/contrasts/91,RQ-E,SoK,service,per_stage,complete minus independent,complete,independent,120,-50.0,"[-59.166666666666664, -41.66666666666667]",0,60,12,1.734723475976807e-18,8.299999976202344e-08,"[-2.1500000002561137e-08, 1.2499999968440534e-07]",7.632783294297951e-17,45,True,
/contrasts/92,RQ-B,SoK,service,qwen,prose minus complete,prose,complete,120,5.0,"[0.0, 10.0]",8,2,12,0.109375,-0.0015908955001151526,"[-0.005788917000245419, 0.0033959170000343875]",1,66,False,
/contrasts/93,RQ-B,SoK,service,qwen,missing minus complete,missing,complete,120,-16.666666666666664,"[-22.5, -10.833333333333334]",0,20,12,1.9073486328125e-06,0.0011614789998759534,"[-0.006126166499939245, 0.005572708000045168]",8.20159912109375e-05,66,True,
/contrasts/94,RQ-B,SoK,service,qwen,stale minus complete,stale,complete,120,-9.166666666666666,"[-16.666666666666664, -1.6666666666666667]",9,20,12,0.06142834573984146,-0.0010777704998474746,"[-0.006882166000082179, 0.0048519994999765]",1,66,False,
/contrasts/95,RQ-B,SoK,service,qwen,conflict minus complete,conflict,complete,120,-15.0,"[-21.666666666666668, -8.333333333333332]",2,20,12,0.00012111663818359375,0.002307771000118919,"[-0.0017765830000087135, 0.006307000500015647]",0.0046024322509765625,66,True,
/contrasts/96,RQ-B,SoK,service,qwen,resolved minus complete,resolved,complete,120,-15.0,"[-21.666666666666668, -9.166666666666666]",1,19,12,4.00543212890625e-05,0.0025290829999562447,"[-0.0011483115000672228, 0.007312417000211013]",0.0016021728515625,66,True,
/contrasts/97,RQ-E,SoK,service,qwen,public-independent minus independent,public-independent,independent,120,18.333333333333332,"[10.833333333333334, 26.666666666666668]",27,5,12,0.00011307420209050179,0.06134616700006745,"[0.026541999500111046, 0.06827325871249877]",0.003618374466896057,45,True,
/contrasts/98,RQ-E,SoK,service,qwen,public-complete minus complete,public-complete,complete,120,15.833333333333332,"[8.333333333333332, 23.333333333333332]",23,4,12,0.000310748815536499,0.07037191749998328,"[0.06384974999991755, 0.0756950830001415]",0.009011715650558472,45,True,
/contrasts/99,RQ-E,SoK,service,qwen,public-disjoint minus disjoint,public-disjoint,disjoint,120,8.333333333333332,"[3.3333333333333335, 13.333333333333334]",11,1,12,0.00634765625,0.06726704199996902,"[0.06343704199991862, 0.07154199999990851]",0.15869140625,45,True,
/contrasts/100,RQ-E,SoK,service,qwen,public-complete minus public-independent,public-complete,public-independent,120,-10.833333333333334,"[-20.833333333333336, -0.8333333333333334]",15,28,12,0.0659940344557981,0.01037618749973035,"[0.0036501250001492735, 0.024695916500149906]",1,45,False,
/contrasts/101,RQ-E,SoK,service,qwen,complete minus independent,complete,independent,120,-8.333333333333332,"[-15.833333333333332, -1.6666666666666667]",5,15,12,0.04138946533203125,0.0020998750001695043,"[-0.00177212499977486, 0.006903915999998844]",0.99334716796875,45,False,
/contrasts/102,RQ-B,SoK,service,rule,prose minus complete,prose,complete,120,0.0,"[0.0, 0.0]",0,0,12,1.0,4.999500003322055e-06,"[4.207999992900113e-06, 5.791499997798155e-06]",1,66,False,
/contrasts/103,RQ-B,SoK,service,rule,missing minus complete,missing,complete,120,0.0,"[0.0, 0.0]",0,0,12,1.0,-6.250500000248849e-06,"[-6.541999987064173e-06, -5.833499997720537e-06]",1,66,False,
/contrasts/104,RQ-B,SoK,service,rule,stale minus complete,stale,complete,120,0.0,"[0.0, 0.0]",0,0,12,1.0,-5.437500000482487e-06,"[-5.916999995747574e-06, -5.083499996061391e-06]",1,66,False,
/contrasts/105,RQ-B,SoK,service,rule,conflict minus complete,conflict,complete,120,0.0,"[0.0, 0.0]",0,0,12,1.0,7.714999981089932e-07,"[4.36999998854049e-07, 1.292000000319149e-06]",1,66,False,
/contrasts/106,RQ-B,SoK,service,rule,resolved minus complete,resolved,complete,120,0.0,"[0.0, 0.0]",0,0,12,1.0,8.125000015013484e-07,"[2.709999975536448e-07, 1.2290000057646466e-06]",1,66,False,
/contrasts/107,RQ-E,SoK,service,rule,public-independent minus independent,public-independent,independent,120,0.0,"[0.0, 0.0]",0,0,12,1.0,1.87499999526608e-07,"[-1.6599999952404687e-07, 4.1599999889285755e-07]",1,45,False,
/contrasts/108,RQ-E,SoK,service,rule,public-complete minus complete,public-complete,complete,120,0.0,"[0.0, 0.0]",0,0,12,1.0,-2.1499996449847458e-08,"[-2.4950000110379733e-07, 2.9200000284390626e-07]",1,45,False,
/contrasts/109,RQ-E,SoK,service,rule,public-disjoint minus disjoint,public-disjoint,disjoint,120,0.0,"[0.0, 0.0]",0,0,12,1.0,1.2499999968440534e-07,"[-1.6699999605407356e-07, 3.7500000615864337e-07]",1,45,False,
/contrasts/110,RQ-E,SoK,service,rule,public-complete minus public-independent,public-complete,public-independent,120,0.0,"[0.0, 0.0]",0,0,12,1.0,7.705000015789665e-07,"[2.499999993688107e-07, 1.2079999933689578e-06]",1,45,False,
/contrasts/111,RQ-E,SoK,service,rule,complete minus independent,complete,independent,120,0.0,"[0.0, 0.0]",0,0,12,1.0,9.579999975528608e-07,"[5.415000003949899e-07, 1.3545000001613516e-06]",1,45,False,
/contrasts/112,RQ-B,SoK,service,ungated,prose minus complete,prose,complete,120,0.0,"[0.0, 0.0]",0,0,12,1.0,1.1042499998836774e-05,"[1.0707999997805473e-05, 1.1499999999387e-05]",1,66,False,
/contrasts/113,RQ-B,SoK,service,ungated,missing minus complete,missing,complete,120,-100.0,"[-100.0, -100.0]",0,120,12,1.504632769052528e-36,-3.624499996135455e-06,"[-3.81249999747979e-06, -3.437000000161561e-06]",9.930576275746685e-35,66,True,
/contrasts/114,RQ-B,SoK,service,ungated,stale minus complete,stale,complete,120,-100.0,"[-100.0, -100.0]",0,120,12,1.504632769052528e-36,-2.750000000162345e-06,"[-2.875999996376777e-06, -2.583499998820571e-06]",9.930576275746685e-35,66,True,
/contrasts/115,RQ-B,SoK,service,ungated,conflict minus complete,conflict,complete,120,-100.0,"[-100.0, -100.0]",0,120,12,1.504632769052528e-36,3.6040000033210617e-06,"[3.5009999947988035e-06, 3.7080000012679193e-06]",9.930576275746685e-35,66,True,
/contrasts/116,RQ-B,SoK,service,ungated,resolved minus complete,resolved,complete,120,0.0,"[0.0, 0.0]",0,0,12,1.0,8.754999996085644e-07,"[7.919999944761003e-07, 1.0215000010305175e-06]",1,66,False,
/contrasts/117,RQ-E,SoK,service,ungated,public-independent minus independent,public-independent,independent,120,0.0,"[0.0, 0.0]",0,0,12,1.0,6.249999984220267e-08,"[-1.000000082740371e-09, 1.6599999952404687e-07]",1,45,False,
/contrasts/118,RQ-E,SoK,service,ungated,public-complete minus complete,public-complete,complete,120,0.0,"[0.0, 0.0]",0,0,12,1.0,0.0,"[-8.300001042016447e-08, 8.350000513246414e-08]",1,45,False,
/contrasts/119,RQ-E,SoK,service,ungated,public-disjoint minus disjoint,public-disjoint,disjoint,120,0.0,"[0.0, 0.0]",0,0,12,1.0,-8.300000331473711e-08,"[-1.6599999952404687e-07, 1.0399999439414387e-07]",1,45,False,
/contrasts/120,RQ-E,SoK,service,ungated,public-complete minus public-independent,public-complete,public-independent,120,0.0,"[0.0, 0.0]",0,0,12,1.0,7.084999928963498e-07,"[2.9299999937393295e-07, 1.0839999973200065e-06]",1,45,False,
/contrasts/121,RQ-E,SoK,service,ungated,complete minus independent,complete,independent,120,0.0,"[0.0, 0.0]",0,0,12,1.0,3.750000026059297e-07,"[2.0800000299914245e-07, 8.745000030785377e-07]",1,45,False,
/contrasts/122,RQ-C,SoK,catalogue,deepseek,rekey minus base,rekey,base,48,-8.333333333333332,"[-16.666666666666664, -2.083333333333333]",0,4,12,0.125,0.04471820899997425,"[-0.023770875000124647, 0.09147702100000288]",1,39,False,
/contrasts/123,RQ-C,SoK,catalogue,deepseek,refresh minus base,refresh,base,48,-45.83333333333333,"[-58.333333333333336, -33.33333333333333]",0,22,12,4.76837158203125e-07,-0.024988562499970612,"[-0.052812915999879806, 0.005126645500070026]",1.33514404296875e-05,39,True,
/contrasts/124,RQ-C,SoK,catalogue,deepseek,refresh_competition minus base,refresh_competition,base,48,-20.833333333333336,"[-31.25, -12.5]",0,10,12,0.001953125,-0.0010422920001076363,"[-0.052193354499991074, 0.03494914600000065]",0.046875,39,True,
/contrasts/125,RQ-C,SoK,catalogue,deepseek,absent minus base,absent,base,48,-91.66666666666666,"[-97.91666666666666, -83.33333333333334]",0,44,12,1.1368683772161603e-13,-0.027734562499915683,"[-0.05906541650001884, 0.01999954199993681]",4.092726157978177e-12,39,True,
/contrasts/126,RQ-C,SoK,catalogue,first,rekey minus base,rekey,base,48,6.25,"[-8.333333333333332, 20.833333333333336]",9,6,12,0.6072387695312499,,,1,39,False,
/contrasts/127,RQ-C,SoK,catalogue,first,refresh minus base,refresh,base,48,-22.916666666666664,"[-33.33333333333333, -12.5]",0,11,12,0.0009765625,,,0.025390625,39,True,
/contrasts/128,RQ-C,SoK,catalogue,first,absent minus base,absent,base,48,-22.916666666666664,"[-33.33333333333333, -12.5]",0,11,12,0.0009765625,,,0.025390625,39,True,
/contrasts/129,RQ-C,SoK,catalogue,gemini,rekey minus base,rekey,base,48,0.0,"[0.0, 0.0]",0,0,12,1.0,0.04479716649984766,"[0.018323959000156265, 0.09287008399996921]",1,39,False,
/contrasts/130,RQ-C,SoK,catalogue,gemini,refresh minus base,refresh,base,48,-6.25,"[-12.5, -2.083333333333333]",0,3,12,0.25,0.014609749999973332,"[-0.03453329200002564, 0.056990749999897616]",1,39,False,
/contrasts/131,RQ-C,SoK,catalogue,gemini,refresh_competition minus base,refresh_competition,base,48,0.0,"[0.0, 0.0]",0,0,12,1.0,0.03948031249997541,"[-0.017626416000041445, 0.09671868749996548]",1,39,False,
/contrasts/132,RQ-C,SoK,catalogue,gemini,absent minus base,absent,base,48,-70.83333333333334,"[-83.33333333333334, -58.333333333333336]",0,34,12,1.1641532182693481e-10,0.059397250499870324,"[0.012489249500092114, 0.11426883349989225]",3.958120942115784e-09,39,True,
/contrasts/133,RQ-C,SoK,catalogue,glm47,rekey minus base,rekey,base,48,-16.666666666666664,"[-31.25, -2.083333333333333]",5,13,12,0.09625244140625,0.05184445847407915,"[0.006407416483853012, 0.10057970898924395]",1,39,False,
/contrasts/134,RQ-C,SoK,catalogue,glm47,refresh minus base,refresh,base,48,-56.25,"[-66.66666666666666, -45.83333333333333]",0,27,12,1.4901161193847656e-08,0.08084862501709722,"[-0.0068737289984710515, 0.24804799948469736]",4.917383193969727e-07,39,True,
/contrasts/135,RQ-C,SoK,catalogue,glm47,refresh_competition minus base,refresh_competition,base,48,-54.166666666666664,"[-66.66666666666666, -41.66666666666667]",1,27,12,2.1606683731079102e-07,0.02844654201180674,"[-0.04821833298774436, 0.14934245793847367]",6.4820051193237305e-06,39,True,
/contrasts/136,RQ-C,SoK,catalogue,glm47,absent minus base,absent,base,48,-22.916666666666664,"[-39.58333333333333, -6.25]",10,21,12,0.07075554598122835,0.04082795846625231,"[-0.00748808347270824, 0.08917268746881746]",1,39,True,
/contrasts/137,RQ-C,SoK,catalogue,jev,rekey minus base,rekey,base,48,0.0,"[0.0, 0.0]",0,0,12,1.0,0.02317002100003762,"[0.00033066599991116163, 0.03323487499991984]",1,39,False,
/contrasts/138,RQ-C,SoK,catalogue,jev,refresh minus base,refresh,base,48,0.0,"[0.0, 0.0]",0,0,12,1.0,0.018232229000034295,"[-0.019218959000028235, 0.05545275050013743]",1,39,False,
/contrasts/139,RQ-C,SoK,catalogue,jev,refresh_competition minus base,refresh_competition,base,48,0.0,"[0.0, 0.0]",0,0,12,1.0,0.003159750000051531,"[-0.015917353999963524, 0.039325958999882005]",1,39,False,
/contrasts/140,RQ-C,SoK,catalogue,jev,absent minus base,absent,base,48,-6.25,"[-12.5, -2.083333333333333]",0,3,12,0.25,0.0017761670000595586,"[-0.017061770499950057, 0.026039566650015732]",1,39,False,
/contrasts/141,RQ-C,SoK,catalogue,qwen,rekey minus base,rekey,base,48,0.0,"[-12.5, 14.583333333333334]",6,6,12,1.0,0.029195895999976074,"[0.024368374999994558, 0.032648459000029106]",1,39,False,
/contrasts/142,RQ-C,SoK,catalogue,qwen,refresh minus base,refresh,base,48,12.5,"[4.166666666666666, 22.916666666666664]",7,1,12,0.0703125,0.0022148129999308708,"[-0.001023353999983101, 0.006885249500015789]",1,39,True,
/contrasts/143,RQ-C,SoK,catalogue,qwen,refresh_competition minus base,refresh_competition,base,48,10.416666666666668,"[-4.166666666666666, 25.0]",10,5,12,0.30175781249999994,0.0026733125000646396,"[0.0004941880000011167, 0.007773645500025239]",1,39,False,
/contrasts/144,RQ-C,SoK,catalogue,qwen,absent minus base,absent,base,48,-52.083333333333336,"[-66.66666666666666, -37.5]",1,26,12,4.172325134277344e-07,0.003882770999894092,"[-0.00039860450011452997, 0.007118208499946377]",1.2099742889404297e-05,39,True,
/contrasts/145,RQ-C,SoK,catalogue,reranker,rekey minus base,rekey,base,48,0.0,"[0.0, 0.0]",0,0,12,1.0,0.00024093748652376235,"[-0.0009398120164405555, 0.0009889369539450854]",1,39,False,
/contrasts/146,RQ-C,SoK,catalogue,reranker,refresh minus base,refresh,base,48,-14.583333333333334,"[-25.0, -6.25]",1,8,12,0.0390625,0.002629270515171811,"[0.0014792499714531004, 0.0036341460363473743]",0.8984375,39,True,
/contrasts/147,RQ-C,SoK,catalogue,reranker,refresh_competition minus base,refresh_competition,base,48,-10.416666666666668,"[-18.75, -2.083333333333333]",1,6,12,0.125,0.005599979485850781,"[0.003602520504500717, 0.007452812511473894]",1,39,False,
/contrasts/148,RQ-C,SoK,catalogue,reranker,absent minus base,absent,base,48,12.5,"[-2.083333333333333, 27.083333333333332]",23,17,12,0.42959050784338615,-0.0003026869962923229,"[-0.0016742504958529025, 0.0009569790272507817]",1,39,False,
/contrasts/149,RQ-C,SoK,catalogue,rule,rekey minus base,rekey,base,48,0.0,"[0.0, 0.0]",0,0,12,1.0,1.7289712559431791e-06,"[1.0454095900058746e-07, 3.2085226848721504e-06]",1,39,False,
/contrasts/150,RQ-C,SoK,catalogue,rule,refresh minus base,refresh,base,48,0.0,"[0.0, 0.0]",0,0,12,1.0,2.6040070224553347e-06,"[1.0634830687195063e-06, 4.1460152715444565e-06]",1,39,False,
/contrasts/151,RQ-C,SoK,catalogue,rule,refresh_competition minus base,refresh_competition,base,48,0.0,"[0.0, 0.0]",0,0,12,1.0,1.1249503586441278e-05,"[9.95901064015925e-06, 1.2791017070412636e-05]",1,39,False,
/contrasts/152,RQ-C,SoK,catalogue,rule,absent minus base,absent,base,48,50.0,"[50.0, 50.0]",24,0,12,1.1920928955078125e-07,1.2705277185887098e-06,"[-1.2090313248336315e-06, 2.9579969123005867e-06]",3.6954879760742188e-06,39,True,
/contrasts/153,RQ-C,SoK,route,connectivity,absent minus present,absent,present,120,-50.83333333333333,"[-55.833333333333336, -45.83333333333333]",0,61,6,8.673617379884035e-19,-7.624499986036426e-06,"[-8.58350000498831e-06, -4.978999982085952e-06]",3.209238430557093e-17,39,True,
/contrasts/154,RQ-C,SoK,route,deepseek,absent minus present,absent,present,120,-9.166666666666666,"[-20.833333333333336, 2.5]",31,42,6,0.241644723140752,-0.0077773334999911015,"[-0.03496674999999527, 0.011905708999961462]",1,39,False,
/contrasts/155,RQ-C,SoK,route,first,absent minus present,absent,present,120,-10.0,"[-15.833333333333332, -5.0]",0,12,6,0.00048828125,-5.000089231543825e-10,"[-8.300000331473711e-08, 4.0999992734214175e-08]",0.01318359375,39,True,
/contrasts/156,RQ-C,SoK,route,gemini,absent minus present,absent,present,120,-40.0,"[-49.166666666666664, -30.833333333333336]",6,54,6,9.722961671898567e-11,-0.02451283400006332,"[-0.05616749899996876, 0.029921581999985847]",3.4030365851644984e-09,39,True,
/contrasts/157,RQ-C,SoK,route,glm47,absent minus present,absent,present,120,83.33333333333334,"[75.83333333333333, 90.0]",101,1,6,4.062633661888211e-29,-0.04428206299996873,"[-0.11473083300006692, 0.05372429200000539]",1.5844271281364022e-27,39,True,
/contrasts/158,RQ-C,SoK,route,jev,absent minus present,absent,present,120,-75.83333333333333,"[-82.5, -69.16666666666667]",0,91,6,8.077935669463161e-28,0.006165437500087023,"[-0.012045584000020426, 0.01803337499995905]",3.069615554396001e-26,39,True,
/contrasts/159,RQ-C,SoK,route,qwen,absent minus present,absent,present,120,-24.166666666666668,"[-32.5, -16.666666666666664]",1,30,6,2.9802322387695312e-08,0.0005123750000137761,"[-0.00470595800004503, 0.009932665999997425]",9.5367431640625e-07,39,True,
/contrasts/160,RQ-C,SoK,route,rule,absent minus present,absent,present,120,0.0,"[0.0, 0.0]",0,0,6,1.0,-1.7563500009032396e-05,"[-1.9042000019453553e-05, -1.3812500000653927e-05]",1,39,False,
/contrasts/161,RQ-A,Edge,RQ1a,DeepSeek-V4.1-Flash,pad_512 minus base,pad_512,base,300,-1.6666666666666667,"[-3.3333333333333335, -0.33333333333333337]",0,5,6,0.0625,0.10548072773963213,"[0.09186930297873915, 0.12118720868602395]",1,89,False,
/contrasts/162,RQ-A,Edge,RQ1a,DeepSeek-V4.1-Flash,pad_2048 minus base,pad_2048,base,300,-1.6666666666666667,"[-3.3333333333333335, -0.33333333333333337]",0,5,6,0.0625,0.16567891649901867,"[0.1570045198313892, 0.18150320928543806]",1,89,False,
/contrasts/163,RQ-A,Edge,RQ1a,DeepSeek-V4.1-Flash,pad_8192 minus base,pad_8192,base,300,-1.3333333333333335,"[-2.666666666666667, -0.33333333333333337]",0,4,6,0.125,0.13122943742200732,"[0.12066820822656155, 0.1459878133609891]",1,89,False,
/contrasts/164,RQ-A,Edge,RQ1a,DeepSeek-V4.1-Flash,pad_16384 minus base,pad_16384,base,300,-1.6666666666666667,"[-3.3333333333333335, -0.33333333333333337]",0,5,6,0.0625,0.25868795765563846,"[0.2485261671245098, 0.27583204163238406]",1,89,False,
/contrasts/165,RQ-A,Edge,RQ1a,GLM-5.3-Flash,pad_512 minus base,pad_512,base,300,-1.3333333333333335,"[-3.3333333333333335, 0.33333333333333337]",2,6,6,0.2890625,0.0689517087303102,"[0.04236641712486744, 0.08965445682406425]",1,89,False,
/contrasts/166,RQ-A,Edge,RQ1a,GLM-5.3-Flash,pad_2048 minus base,pad_2048,base,300,-1.6666666666666667,"[-3.6666666666666665, 0.33333333333333337]",2,7,6,0.1796875,0.050466645043343306,"[0.027610900287982167, 0.07180804153904319]",1,89,False,
/contrasts/167,RQ-A,Edge,RQ1a,GLM-5.3-Flash,pad_8192 minus base,pad_8192,base,300,-3.6666666666666665,"[-6.333333333333334, -1.0]",3,14,6,0.012725830078125,0.4207826675847173,"[0.36798299942165613, 0.47437708359211683]",0.674468994140625,89,False,
/contrasts/168,RQ-A,Edge,RQ1a,GLM-5.3-Flash,pad_16384 minus base,pad_16384,base,300,-4.666666666666667,"[-7.333333333333333, -2.0]",2,16,6,0.001312255859375,0.8826976255513728,"[0.7811114778742194, 0.9619475826621056]",0.077423095703125,89,False,
/contrasts/169,RQ-A,Edge,RQ1a,Jev-1.13.0,pad_512 minus base,pad_512,base,300,-1.6666666666666667,"[-4.333333333333334, 1.0]",6,11,6,0.332305908203125,0.0021241456270217896,"[-0.0073728966526687145, 0.00812789611518383]",1,89,False,
/contrasts/170,RQ-A,Edge,RQ1a,Jev-1.13.0,pad_2048 minus base,pad_2048,base,300,-2.3333333333333335,"[-5.008333333333326, 0.33333333333333337]",6,13,6,0.1670684814453125,0.01008012518286705,"[0.004659000784158707, 0.017320229206234217]",1,89,False,
/contrasts/171,RQ-A,Edge,RQ1a,Jev-1.13.0,pad_8192 minus base,pad_8192,base,300,-3.0,"[-6.0, 0.0]",6,15,6,0.0783538818359375,0.07239952078089118,"[0.06203510379418731, 0.07948656240478158]",1,89,False,
/contrasts/172,RQ-A,Edge,RQ1a,Jev-1.13.0,pad_16384 minus base,pad_16384,base,300,-2.666666666666667,"[-5.666666666666666, 0.33333333333333337]",7,15,6,0.13380050659179688,0.14908177079632878,"[0.13471952080726624, 0.15684850048273802]",1,89,False,
/contrasts/173,RQ-A,Edge,RQ1a,Laya@cuda,pad_512 minus base,pad_512,base,300,-10.0,"[-13.666666666666666, -6.666666666666667]",2,32,6,6.938353180885315e-08,0.006084549939259887,"[0.006032091565430164, 0.00694523798301816]",5.3425319492816925e-06,89,True,
/contrasts/174,RQ-A,Edge,RQ1a,Laya@cuda,pad_2048 minus base,pad_2048,base,300,-9.666666666666666,"[-13.333333333333334, -6.333333333333334]",2,31,6,1.3085082173347473e-07,0.017990939551964402,"[0.017982133897021413, 0.018000449985265732]",9.813811630010605e-06,89,True,
/contrasts/175,RQ-A,Edge,RQ1a,Laya@cuda,pad_8192 minus base,pad_8192,base,300,-8.666666666666668,"[-12.0, -5.333333333333334]",2,28,6,8.67992639541626e-07,0.03791988990269601,"[0.03790418617427349, 0.03793254820629954]",6.162747740745544e-05,89,True,
/contrasts/176,RQ-A,Edge,RQ1a,Laya@cuda,pad_16384 minus base,pad_16384,base,300,-9.333333333333334,"[-13.0, -6.0]",2,30,6,2.4633482098579407e-07,0.08188781747594476,"[0.0809364605229348, 0.08191846869885921]",1.822877675294876e-05,89,True,
/contrasts/177,RQ-A,Edge,RQ1a,Oracle,pad_512 minus base,pad_512,base,300,0.0,"[0.0, 0.0]",0,0,6,1.0,0.0,"[0.0, 0.0]",1,89,False,
/contrasts/178,RQ-A,Edge,RQ1a,Oracle,pad_2048 minus base,pad_2048,base,300,0.0,"[0.0, 0.0]",0,0,6,1.0,0.0,"[0.0, 0.0]",1,89,False,
/contrasts/179,RQ-A,Edge,RQ1a,Oracle,pad_8192 minus base,pad_8192,base,300,0.0,"[0.0, 0.0]",0,0,6,1.0,0.0,"[0.0, 0.0]",1,89,False,
/contrasts/180,RQ-A,Edge,RQ1a,Oracle,pad_16384 minus base,pad_16384,base,300,0.0,"[0.0, 0.0]",0,0,6,1.0,0.0,"[0.0, 0.0]",1,89,False,
/contrasts/181,RQ-A,Edge,RQ1a,Qwen3.5-4B-JSON@cuda,pad_512 minus base,pad_512,base,300,-6.666666666666667,"[-11.333333333333332, -2.0]",16,36,6,0.0077874363057435225,-0.00893823686055839,"[-0.010755220893770456, -0.0069916455540806055]",0.4205215605101502,89,False,
/contrasts/182,RQ-A,Edge,RQ1a,Qwen3.5-4B-JSON@cuda,pad_2048 minus base,pad_2048,base,300,-18.333333333333332,"[-23.0, -13.666666666666666]",5,60,6,4.869560700851427e-13,0.07797846756875515,"[0.0629845557268709, 0.08982436219230294]",4.090430988715199e-11,89,True,
/contrasts/183,RQ-A,Edge,RQ1a,Qwen3.5-4B-JSON@cuda,pad_8192 minus base,pad_8192,base,300,-26.333333333333332,"[-31.666666666666664, -21.0]",6,85,6,5.782725134355011e-19,0.362987443106249,"[0.3569555189460516, 0.37799461698159575]",5.0887981182324103e-17,89,True,
/contrasts/184,RQ-A,Edge,RQ1a,Qwen3.5-4B-JSON@cuda,pad_16384 minus base,pad_16384,base,300,-30.0,"[-35.333333333333336, -24.666666666666668]",4,94,6,2.378717289651507e-23,0.7808103996794671,"[0.7738163280300796, 0.7908760663121939]",2.1170583877898413e-21,89,True,
/contrasts/185,RQ-A,Edge,RQ1a,Qwen3.8-Flash,pad_512 minus base,pad_512,base,300,0.33333333333333337,"[-1.6666666666666667, 2.3333333333333335]",6,5,6,1.0,-0.05168670974671841,"[-0.17154766898602247, 0.07410137448459864]",1,89,False,
/contrasts/186,RQ-A,Edge,RQ1a,Qwen3.8-Flash,pad_2048 minus base,pad_2048,base,300,1.0,"[-1.0, 3.0]",6,3,6,0.5078125,-0.11899660341441631,"[-0.23826075065881014, -0.03052845923230052]",1,89,False,
/contrasts/187,RQ-A,Edge,RQ1a,Qwen3.8-Flash,pad_8192 minus base,pad_8192,base,300,-19.666666666666664,"[-24.666666666666668, -14.991666666666786]",4,63,6,1.1067861037383775e-14,0.5521572292782366,"[0.46177235431969166, 0.6682572064921257]",9.407681881776209e-13,89,True,
/contrasts/188,RQ-A,Edge,RQ1a,Qwen3.8-Flash,pad_16384 minus base,pad_16384,base,300,0.0,"[-2.3333333333333335, 2.0]",6,6,6,1.0,1.1914227912202477,"[1.1345555828884244, 1.2719370620325208]",1,89,False,
/contrasts/189,RQ-A,Edge,RQ1a,Rule,pad_512 minus base,pad_512,base,300,0.0,"[0.0, 0.0]",0,0,6,1.0,6.897840648889542e-05,"[6.44586980342865e-05, 7.450021803379059e-05]",1,89,False,
/contrasts/190,RQ-A,Edge,RQ1a,Rule,pad_2048 minus base,pad_2048,base,300,0.0,"[0.0, 0.0]",0,0,6,1.0,0.0003077504225075245,"[0.0002926281187683344, 0.00032966677099466324]",1,89,False,
/contrasts/191,RQ-A,Edge,RQ1a,Rule,pad_8192 minus base,pad_8192,base,300,0.0,"[0.0, 0.0]",0,0,6,1.0,0.0012586661614477634,"[0.0010142079554498196, 0.0013066250830888748]",1,89,False,
/contrasts/192,RQ-A,Edge,RQ1a,Rule,pad_16384 minus base,pad_16384,base,300,0.0,"[0.0, 0.0]",0,0,6,1.0,0.0024992716498672962,"[0.0023480416275560856, 0.002746625803411007]",1,89,False,
/contrasts/193,RQ-A,Edge,RQ1a,SemIf-Qwen3.5-4B@cuda,pad_512 minus base,pad_512,base,300,-21.0,"[-26.666666666666668, -15.0]",16,79,6,3.4675436577962654e-11,0.006034254329279065,"[0.006023299880325794, 0.006074327044188976]",2.8433857993929375e-09,89,True,
/contrasts/194,RQ-A,Edge,RQ1a,SemIf-Qwen3.5-4B@cuda,pad_2048 minus base,pad_2048,base,300,-20.0,"[-26.0, -13.666666666666666]",22,82,6,2.5683019697996157e-09,0.08694570092484355,"[0.08609510608948767, 0.08698713639751077]",2.0289585561416964e-07,89,True,
/contrasts/195,RQ-A,Edge,RQ1a,SemIf-Qwen3.5-4B@cuda,pad_8192 minus base,pad_8192,base,300,-16.666666666666664,"[-22.666666666666664, -10.666666666666668]",24,74,6,4.2159207369916054e-07,0.47699249582365155,"[0.47691649990156293, 0.47797664487734437]",3.077622138003872e-05,89,True,
/contrasts/196,RQ-A,Edge,RQ1a,SemIf-Qwen3.5-4B@cuda,pad_16384 minus base,pad_16384,base,300,-15.666666666666668,"[-21.333333333333336, -9.666666666666666]",21,68,6,5.986670828041249e-07,1.0338531120214611,"[1.0318542595487088, 1.0358328521251678]",4.310402996189699e-05,89,True,
/contrasts/197,RQ-A,6G,C1,AnyJev-L0,c7_fresh minus c3_fresh,c7_fresh,c3_fresh,150,-22.666666666666664,"[-31.333333333333336, -14.000000000000002]",8,42,6,1.163555804595262e-06,0.06926834117621183,"[0.06688408134505153, 0.07301655830815434]",8.144890632166835e-05,89,True,target_cluster_state_dependent
/contrasts/198,RQ-A,6G,C1,AnyJev-L0,c21_fresh minus c3_fresh,c21_fresh,c3_fresh,150,-31.333333333333336,"[-40.666666666666664, -22.0]",9,56,6,2.049245302203524e-09,0.02669100882485509,"[0.02337336866185069, 0.028387561906129122]",1.6598886947848544e-07,89,True,target_cluster_state_dependent
/contrasts/199,RQ-A,6G,C1,AnyJev-L0,c57_fresh minus c3_fresh,c57_fresh,c3_fresh,150,-31.333333333333336,"[-40.01666666666666, -22.0]",9,56,6,2.049245302203524e-09,0.0508879073895514,"[0.04835732979699969, 0.05402485653758049]",1.6598886947848544e-07,89,True,target_cluster_state_dependent
/contrasts/200,RQ-B,6G,C1,AnyJev-L0,c57_stale minus c57_fresh,c57_stale,c57_fresh,150,-6.666666666666667,"[-13.333333333333334, 0.0]",10,20,6,0.09873714670538905,0.3011992140673101,"[0.28824568958953023, 0.31327168131247163]",1,66,False,target_cluster_state_dependent
/contrasts/201,RQ-B,6G,C1,AnyJev-L0,c57_noisy minus c57_fresh,c57_noisy,c57_fresh,150,-4.0,"[-10.666666666666668, 2.666666666666667]",10,16,6,0.32693958282470703,0.01713182940147817,"[0.015627256128937006, 0.019826852716505527]",1,66,False,target_cluster_state_dependent
/contrasts/202,RQ-B,6G,C1,AnyJev-L0,c57_contradictory minus c57_fresh,c57_contradictory,c57_fresh,150,-3.3333333333333335,"[-10.0, 3.3333333333333335]",13,18,6,0.47312965989112854,0.08647846593521535,"[0.08502026833593845, 0.08877441380172968]",1,66,False,target_cluster_state_dependent
/contrasts/203,RQ-A,6G,C1,DeepSeek-V4.1-Flash,c7_fresh minus c3_fresh,c7_fresh,c3_fresh,150,0.6666666666666667,"[0.0, 2.0]",1,0,6,1.0,0.014925291761755943,"[0.0019019581377506256, 0.025729042012244463]",1,89,False,target_cluster_state_dependent
/contrasts/204,RQ-A,6G,C1,DeepSeek-V4.1-Flash,c21_fresh minus c3_fresh,c21_fresh,c3_fresh,150,-1.3333333333333335,"[-3.3333333333333335, 0.0]",0,2,6,0.5,0.05306991608813405,"[0.03419172903522849, 0.06582093704491854]",1,89,False,target_cluster_state_dependent
/contrasts/205,RQ-A,6G,C1,DeepSeek-V4.1-Flash,c57_fresh minus c3_fresh,c57_fresh,c3_fresh,150,-2.0,"[-4.666666666666667, 0.0]",0,3,6,0.25,0.07977706240490079,"[0.06702225003391504, 0.09602235350757837]",1,89,False,target_cluster_state_dependent
/contrasts/206,RQ-B,6G,C1,DeepSeek-V4.1-Flash,c57_stale minus c57_fresh,c57_stale,c57_fresh,150,-26.666666666666668,"[-34.0, -19.333333333333332]",1,41,6,1.9554136088117957e-11,0.07502895873039961,"[0.04327004216611385, 0.10245141619816422]",8.799361239653081e-10,66,True,target_cluster_state_dependent
/contrasts/207,RQ-B,6G,C1,DeepSeek-V4.1-Flash,c57_noisy minus c57_fresh,c57_noisy,c57_fresh,150,1.3333333333333335,"[0.0, 3.3333333333333335]",2,0,6,0.5,0.054956082720309496,"[0.03287424985319376, 0.07154822954908013]",1,66,False,target_cluster_state_dependent
/contrasts/208,RQ-B,6G,C1,DeepSeek-V4.1-Flash,c57_contradictory minus c57_fresh,c57_contradictory,c57_fresh,150,-29.333333333333332,"[-36.666666666666664, -22.0]",0,44,6,1.1368683772161603e-13,0.15137462550774217,"[0.13636508397758007, 0.17310504196211696]",5.343281372915953e-12,66,True,target_cluster_state_dependent
/contrasts/209,RQ-A,6G,C1,GLM-5.3-Flash,c7_fresh minus c3_fresh,c7_fresh,c3_fresh,150,0.0,"[0.0, 0.0]",0,0,6,1.0,0.15208437433466315,"[0.07263270812109113, 0.21290358249098063]",1,89,False,target_cluster_state_dependent
/contrasts/210,RQ-A,6G,C1,GLM-5.3-Flash,c21_fresh minus c3_fresh,c21_fresh,c3_fresh,150,-1.3333333333333335,"[-4.0, 1.3333333333333335]",1,3,6,0.625,0.17362589575350285,"[0.11162766674533486, 0.231113875284791]",1,89,False,target_cluster_state_dependent
/contrasts/211,RQ-A,6G,C1,GLM-5.3-Flash,c57_fresh minus c3_fresh,c57_fresh,c3_fresh,150,-2.666666666666667,"[-6.0, 0.0]",1,5,6,0.21875,0.04540443792939186,"[-0.010376125574111938, 0.09543810412287712]",1,89,False,target_cluster_state_dependent
/contrasts/212,RQ-B,6G,C1,GLM-5.3-Flash,c57_stale minus c57_fresh,c57_stale,c57_fresh,150,-1.3333333333333335,"[-5.333333333333334, 2.0]",3,5,6,0.7265625,0.4938699584454298,"[0.39651764556765556, 0.5624258127063513]",1,66,False,target_cluster_state_dependent
/contrasts/213,RQ-B,6G,C1,GLM-5.3-Flash,c57_noisy minus c57_fresh,c57_noisy,c57_fresh,150,0.0,"[-3.3333333333333335, 3.3333333333333335]",4,4,6,1.0,0.1024461043998599,"[0.049258957616984844, 0.18017540413420627]",1,66,False,target_cluster_state_dependent
/contrasts/214,RQ-B,6G,C1,GLM-5.3-Flash,c57_contradictory minus c57_fresh,c57_contradictory,c57_fresh,150,-11.333333333333332,"[-18.0, -5.333333333333334]",4,21,6,0.0009105205535888672,0.5498705832287669,"[0.3777427710592747, 0.7303474163636565]",0.03277873992919922,66,True,target_cluster_state_dependent
/contrasts/215,RQ-A,6G,C1,Jev-1.13.0,c7_fresh minus c3_fresh,c7_fresh,c3_fresh,150,-3.3333333333333335,"[-6.666666666666667, -0.6666666666666667]",0,5,6,0.0625,-0.002941520418971777,"[-0.009787250310182571, 0.004314291290938854]",1,89,False,target_cluster_state_dependent
/contrasts/216,RQ-A,6G,C1,Jev-1.13.0,c21_fresh minus c3_fresh,c21_fresh,c3_fresh,150,-10.0,"[-15.333333333333332, -5.333333333333334]",0,15,6,6.103515625e-05,0.002902438398450613,"[-0.0035959165543317795, 0.009785062167793512]",0.00390625,89,True,target_cluster_state_dependent
/contrasts/217,RQ-A,6G,C1,Jev-1.13.0,c57_fresh minus c3_fresh,c57_fresh,c3_fresh,150,-9.333333333333334,"[-14.000000000000002, -5.31666666666691]",0,14,6,0.0001220703125,0.015054103918373585,"[0.004921354353427887, 0.02136870753020048]",0.007568359375,89,True,target_cluster_state_dependent
/contrasts/218,RQ-B,6G,C1,Jev-1.13.0,c57_stale minus c57_fresh,c57_stale,c57_fresh,150,-20.666666666666668,"[-28.666666666666668, -12.666666666666668]",7,38,6,3.1213096463034162e-06,0.01905731251463294,"[0.010138770565390587, 0.02729595871642232]",0.00013109500514474348,66,True,target_cluster_state_dependent
/contrasts/219,RQ-B,6G,C1,Jev-1.13.0,c57_noisy minus c57_fresh,c57_noisy,c57_fresh,150,-2.0,"[-6.666666666666667, 2.666666666666667]",5,8,6,0.5810546875,-0.00667116604745388,"[-0.013600583653897047, 0.0024268757551908493]",1,66,False,target_cluster_state_dependent
/contrasts/220,RQ-B,6G,C1,Jev-1.13.0,c57_contradictory minus c57_fresh,c57_contradictory,c57_fresh,150,-27.333333333333332,"[-34.66666666666667, -20.0]",1,42,6,1.000444171950221e-11,0.012484896462410688,"[0.0032196659594774246, 0.01997633371502161]",4.602043190971017e-10,66,True,target_cluster_state_dependent
/contrasts/221,RQ-A,6G,C1,Qwen3.5-4B-JSON,c7_fresh minus c3_fresh,c7_fresh,c3_fresh,150,-16.0,"[-24.0, -8.0]",9,33,6,0.0002715392342906853,-0.11555023514665663,"[-0.1203660387545824, -0.10989625751972198]",0.016563893291731805,89,True,target_cluster_state_dependent
/contrasts/222,RQ-A,6G,C1,Qwen3.5-4B-JSON,c21_fresh minus c3_fresh,c21_fresh,c3_fresh,150,-26.666666666666668,"[-35.333333333333336, -18.0]",9,49,6,8.959402428981857e-08,-0.11449922900646925,"[-0.11945409537293017, -0.10846478902385571]",6.809145846026211e-06,89,True,target_cluster_state_dependent
/contrasts/223,RQ-A,6G,C1,Qwen3.5-4B-JSON,c57_fresh minus c3_fresh,c57_fresh,c3_fresh,150,-34.66666666666667,"[-43.333333333333336, -26.666666666666668]",4,56,6,9.084503982403902e-13,-0.09790366236120462,"[-0.10333305294625461, -0.09335002209991217]",7.540138305395239e-11,89,True,target_cluster_state_dependent
/contrasts/224,RQ-B,6G,C1,Qwen3.5-4B-JSON,c57_stale minus c57_fresh,c57_stale,c57_fresh,150,-1.3333333333333335,"[-6.666666666666667, 4.0]",8,10,6,0.8145294189453125,0.089290970005095,"[0.08858145866543055, 0.08991494309157133]",1,66,False,target_cluster_state_dependent
/contrasts/225,RQ-B,6G,C1,Qwen3.5-4B-JSON,c57_noisy minus c57_fresh,c57_noisy,c57_fresh,150,-1.3333333333333335,"[-7.333333333333333, 4.0]",9,11,6,0.8238029479980469,0.0009601474739611149,"[0.0005503075663000345, 0.0013188670855015516]",1,66,False,target_cluster_state_dependent
/contrasts/226,RQ-B,6G,C1,Qwen3.5-4B-JSON,c57_contradictory minus c57_fresh,c57_contradictory,c57_fresh,150,1.3333333333333335,"[-3.3333333333333335, 6.0]",8,6,6,0.79052734375,0.046212889486923814,"[0.045917648589238524, 0.046892853919416666]",1,66,False,target_cluster_state_dependent
/contrasts/227,RQ-A,6G,C1,Qwen3.8-Flash,c7_fresh minus c3_fresh,c7_fresh,c3_fresh,150,-2.0,"[-4.666666666666667, 0.0]",0,3,6,0.25,-0.017306978814303875,"[-0.08341612573713064, 0.12861237581819296]",1,89,False,target_cluster_state_dependent
/contrasts/228,RQ-A,6G,C1,Qwen3.8-Flash,c21_fresh minus c3_fresh,c21_fresh,c3_fresh,150,-6.666666666666667,"[-10.666666666666668, -3.3333333333333335]",0,10,6,0.001953125,0.27673616725951433,"[0.14403756335377693, 0.421960971027147]",0.111328125,89,True,target_cluster_state_dependent
/contrasts/229,RQ-A,6G,C1,Qwen3.8-Flash,c57_fresh minus c3_fresh,c57_fresh,c3_fresh,150,-11.333333333333332,"[-16.666666666666664, -6.666666666666667]",0,17,6,1.52587890625e-05,0.18593806261196733,"[0.05836889613419771, 0.2744382284581661]",0.0010223388671875,89,True,target_cluster_state_dependent
/contrasts/230,RQ-B,6G,C1,Qwen3.8-Flash,c57_stale minus c57_fresh,c57_stale,c57_fresh,150,-14.666666666666666,"[-21.333333333333336, -8.0]",4,26,6,5.9476122260093696e-05,0.3331218957901001,"[0.2418868386070244, 0.4688639184460044]",0.0023195687681436543,66,True,target_cluster_state_dependent
/contrasts/231,RQ-B,6G,C1,Qwen3.8-Flash,c57_noisy minus c57_fresh,c57_noisy,c57_fresh,150,2.666666666666667,"[-2.666666666666667, 8.0]",10,6,6,0.454498291015625,0.061180333606898785,"[-0.0393456039018929, 0.17100175051018596]",1,66,False,target_cluster_state_dependent
/contrasts/232,RQ-B,6G,C1,Qwen3.8-Flash,c57_contradictory minus c57_fresh,c57_contradictory,c57_fresh,150,-26.0,"[-34.0, -18.666666666666668]",3,42,6,8.654978955746628e-10,0.30710406228899956,"[0.19961006194353104, 0.4012245824560523]",3.8081907405285165e-08,66,True,target_cluster_state_dependent
/contrasts/233,RQ-A,6G,C1,SemIf-Qwen3.5-4B,c7_fresh minus c3_fresh,c7_fresh,c3_fresh,150,-12.0,"[-18.666666666666668, -6.0]",4,22,6,0.0005335211753845215,0.011251718970015645,"[0.010224749334156513, 0.011889459798112512]",0.03201127052307129,89,True,target_cluster_state_dependent
/contrasts/234,RQ-A,6G,C1,SemIf-Qwen3.5-4B,c21_fresh minus c3_fresh,c21_fresh,c3_fresh,150,-11.333333333333332,"[-18.0, -4.666666666666667]",5,22,6,0.0015137195587158203,0.05035051377490163,"[0.04908061632886529, 0.051332006230950356]",0.08779573440551758,89,True,target_cluster_state_dependent
/contrasts/235,RQ-A,6G,C1,SemIf-Qwen3.5-4B,c57_fresh minus c3_fresh,c57_fresh,c3_fresh,150,-10.666666666666668,"[-18.0, -3.3333333333333335]",8,24,6,0.0070003666914999485,0.13601462985388935,"[0.13495619036257267, 0.13652415620163083]",0.38502016803249717,89,True,target_cluster_state_dependent
/contrasts/236,RQ-B,6G,C1,SemIf-Qwen3.5-4B,c57_stale minus c57_fresh,c57_stale,c57_fresh,150,-8.666666666666668,"[-13.333333333333334, -4.666666666666667]",0,13,6,0.000244140625,0.3206091981846839,"[0.3175605721771717, 0.3230842752382159]",0.009033203125,66,True,target_cluster_state_dependent
/contrasts/237,RQ-B,6G,C1,SemIf-Qwen3.5-4B,c57_noisy minus c57_fresh,c57_noisy,c57_fresh,150,0.6666666666666667,"[-3.3333333333333335, 5.333333333333334]",6,5,6,1.0,0.0017226196359843016,"[-1.7105601727962494e-05, 0.0030108357314020395]",1,66,False,target_cluster_state_dependent
/contrasts/238,RQ-B,6G,C1,SemIf-Qwen3.5-4B,c57_contradictory minus c57_fresh,c57_contradictory,c57_fresh,150,2.666666666666667,"[-2.666666666666667, 8.0]",10,6,6,0.454498291015625,0.16883291047997773,"[0.16639527073130012, 0.16975010000169277]",1,66,False,target_cluster_state_dependent
