source_pointer,study,task,condition,method,n,first_correct,direct,final,fallback,terminal_p50_s,terminal_p95_s,inference,correct_on_time,correct_on_time_rate,correct_on_time_ci95,block_method,offered_load,decision_observed_n,decision_p50_s,queue_observed_n,queue_p50_s,queue_p95_s,status_counts,observed_arrival_rate,decision_slots,rho,published_rho,decision_p95_s,share_enforced_within_1s,completion_rate,collection_phase
/online/0,SoK,policy,effective64,cheapest,24,9,9,24,15,0.9010054585000375,1.5392453266999837,descriptive online subset; final includes fallback,,,,,,,,,,,,,,,,,,,
/online/1,SoK,policy,effective64,deepseek,24,7,7,24,17,1.45996510400001,1.963084497249977,descriptive online subset; final includes fallback,,,,,,,,,,,,,,,,,,,
/online/2,SoK,policy,effective64,gemini,24,16,16,24,8,1.7927681875000019,2.8129413954499967,descriptive online subset; final includes fallback,,,,,,,,,,,,,,,,,,,
/online/3,SoK,policy,effective64,glm47,24,9,9,24,15,1.946179229500018,3.121545166900011,descriptive online subset; final includes fallback,,,,,,,,,,,,,,,,,,,
/online/4,SoK,policy,effective64,jev,24,8,8,24,16,1.3243513544999814,1.8025625437000143,descriptive online subset; final includes fallback,,,,,,,,,,,,,,,,,,,
/online/5,SoK,policy,effective64,qwen,24,0,0,24,24,1.631901562500019,2.0015658562000227,descriptive online subset; final includes fallback,,,,,,,,,,,,,,,,,,,
/online/6,SoK,policy,effective64,rule,24,24,24,24,0,0.6983721670000023,0.9926924437499849,descriptive online subset; final includes fallback,,,,,,,,,,,,,,,,,,,
/online/7,SoK,policy,padded,cheapest,24,18,18,24,6,0.7803634165000233,1.3871286963500151,descriptive online subset; final includes fallback,,,,,,,,,,,,,,,,,,,
/online/8,SoK,policy,padded,deepseek,24,16,18,24,6,1.4575062294999839,2.2142287955000137,descriptive online subset; final includes fallback,,,,,,,,,,,,,,,,,,,
/online/9,SoK,policy,padded,gemini,24,17,21,24,3,1.9388259995000396,2.5836530981999983,descriptive online subset; final includes fallback,,,,,,,,,,,,,,,,,,,
/online/10,SoK,policy,padded,glm47,24,15,17,24,7,1.7057254584999804,3.300243873200011,descriptive online subset; final includes fallback,,,,,,,,,,,,,,,,,,,
/online/11,SoK,policy,padded,jev,24,21,21,24,3,1.1955624169999908,1.523282545500018,descriptive online subset; final includes fallback,,,,,,,,,,,,,,,,,,,
/online/12,SoK,policy,padded,qwen,24,2,2,24,22,1.5141584379999813,2.0066739204999804,descriptive online subset; final includes fallback,,,,,,,,,,,,,,,,,,,
/online/13,SoK,policy,padded,rule,24,24,24,24,0,0.6677452294999853,0.8760026518500126,descriptive online subset; final includes fallback,,,,,,,,,,,,,,,,,,,
/online/14,SoK,policy,repeated,cheapest,24,18,18,24,6,0.7466692080000001,1.4776097999499935,descriptive online subset; final includes fallback,,,,,,,,,,,,,,,,,,,
/online/15,SoK,policy,repeated,deepseek,24,14,15,24,9,1.4990182084999617,1.9681101598500332,descriptive online subset; final includes fallback,,,,,,,,,,,,,,,,,,,
/online/16,SoK,policy,repeated,gemini,24,16,21,24,3,1.8088904585000023,2.1001062561999446,descriptive online subset; final includes fallback,,,,,,,,,,,,,,,,,,,
/online/17,SoK,policy,repeated,glm47,24,15,18,24,6,1.8115493749999843,2.4108233079499937,descriptive online subset; final includes fallback,,,,,,,,,,,,,,,,,,,
/online/18,SoK,policy,repeated,jev,24,20,21,24,3,1.2126639579999505,1.5820240750500059,descriptive online subset; final includes fallback,,,,,,,,,,,,,,,,,,,
/online/19,SoK,policy,repeated,qwen,24,3,4,24,20,1.9727159164999932,2.3132171857,descriptive online subset; final includes fallback,,,,,,,,,,,,,,,,,,,
/online/20,SoK,policy,repeated,rule,24,24,24,24,0,0.6412725414999727,0.9463178625999831,descriptive online subset; final includes fallback,,,,,,,,,,,,,,,,,,,
/online/21,SoK,service,complete,deepseek,24,2,2,24,22,1.3699110000000303,1.8176716516999416,descriptive online subset; final includes fallback,,,,,,,,,,,,,,,,,,,
/online/22,SoK,service,complete,gemini,24,1,3,24,21,1.311232479499992,2.6505237955500083,descriptive online subset; final includes fallback,,,,,,,,,,,,,,,,,,,
/online/23,SoK,service,complete,glm47,24,0,0,24,24,2.1000314375000073,7.165757941949952,descriptive online subset; final includes fallback,,,,,,,,,,,,,,,,,,,
/online/24,SoK,service,complete,jev,24,1,1,24,23,0.715406270999992,1.3177407625000128,descriptive online subset; final includes fallback,,,,,,,,,,,,,,,,,,,
/online/25,SoK,service,complete,per_stage,24,12,12,24,12,0.03210014599997635,0.058630223250000314,descriptive online subset; final includes fallback,,,,,,,,,,,,,,,,,,,
/online/26,SoK,service,complete,qwen,24,3,3,24,21,0.315153228999975,0.4288989911500351,descriptive online subset; final includes fallback,,,,,,,,,,,,,,,,,,,
/online/27,SoK,service,complete,rule,24,24,24,24,0,0.024570791499968436,0.04414701865001262,descriptive online subset; final includes fallback,,,,,,,,,,,,,,,,,,,
/online/28,SoK,service,disjoint,deepseek,24,0,0,24,24,1.3665276040000407,1.624428803599983,descriptive online subset; final includes fallback,,,,,,,,,,,,,,,,,,,
/online/29,SoK,service,disjoint,gemini,24,8,9,24,15,1.3635383540000134,2.4397704311999404,descriptive online subset; final includes fallback,,,,,,,,,,,,,,,,,,,
/online/30,SoK,service,disjoint,glm47,24,0,0,24,24,2.109253521000028,18.29088063484998,descriptive online subset; final includes fallback,,,,,,,,,,,,,,,,,,,
/online/31,SoK,service,disjoint,jev,24,1,1,24,23,0.6682953330000316,1.2752999079500027,descriptive online subset; final includes fallback,,,,,,,,,,,,,,,,,,,
/online/32,SoK,service,disjoint,per_stage,24,24,24,24,0,0.021909645499988528,0.03361785169999365,descriptive online subset; final includes fallback,,,,,,,,,,,,,,,,,,,
/online/33,SoK,service,disjoint,qwen,24,1,1,24,23,0.31838118749999467,0.39204578749999824,descriptive online subset; final includes fallback,,,,,,,,,,,,,,,,,,,
/online/34,SoK,service,disjoint,rule,24,24,24,24,0,0.023287167000006548,0.037312795650015565,descriptive online subset; final includes fallback,,,,,,,,,,,,,,,,,,,
/online/35,SoK,service,public-complete,deepseek,24,6,6,24,18,0.7160794374999995,0.8640182358000175,descriptive online subset; final includes fallback,,,,,,,,,,,,,,,,,,,
/online/36,SoK,service,public-complete,gemini,24,8,11,24,13,1.2792949795000084,1.4618043731500023,descriptive online subset; final includes fallback,,,,,,,,,,,,,,,,,,,
/online/37,SoK,service,public-complete,glm47,24,7,7,24,17,1.132414625000024,3.3105281187000166,descriptive online subset; final includes fallback,,,,,,,,,,,,,,,,,,,
/online/38,SoK,service,public-complete,jev,24,8,8,24,16,0.6314995625000108,0.7659287232500048,descriptive online subset; final includes fallback,,,,,,,,,,,,,,,,,,,
/online/39,SoK,service,public-complete,per_stage,24,12,12,24,12,0.04297810449997996,0.0687972937500234,descriptive online subset; final includes fallback,,,,,,,,,,,,,,,,,,,
/online/40,SoK,service,public-complete,qwen,24,6,6,24,18,0.39460731250002823,0.48694855619998934,descriptive online subset; final includes fallback,,,,,,,,,,,,,,,,,,,
/online/41,SoK,service,public-complete,rule,24,24,24,24,0,0.025584312500029682,0.04120840804995679,descriptive online subset; final includes fallback,,,,,,,,,,,,,,,,,,,
/online/42,SoK,service,public-disjoint,deepseek,24,2,2,24,22,0.6910021039999918,0.8714347355999961,descriptive online subset; final includes fallback,,,,,,,,,,,,,,,,,,,
/online/43,SoK,service,public-disjoint,gemini,24,10,13,24,11,1.2151364795000177,1.4700327812500118,descriptive online subset; final includes fallback,,,,,,,,,,,,,,,,,,,
/online/44,SoK,service,public-disjoint,glm47,24,6,7,24,17,1.1407571249999648,6.419764087499995,descriptive online subset; final includes fallback,,,,,,,,,,,,,,,,,,,
/online/45,SoK,service,public-disjoint,jev,24,9,9,24,15,0.6260260620000224,0.743794137500015,descriptive online subset; final includes fallback,,,,,,,,,,,,,,,,,,,
/online/46,SoK,service,public-disjoint,per_stage,24,24,24,24,0,0.02459539549998624,0.03393231684996749,descriptive online subset; final includes fallback,,,,,,,,,,,,,,,,,,,
/online/47,SoK,service,public-disjoint,qwen,24,3,3,24,21,0.3873016244999974,0.456974523149983,descriptive online subset; final includes fallback,,,,,,,,,,,,,,,,,,,
/online/48,SoK,service,public-disjoint,rule,24,24,24,24,0,0.0246764375000339,0.05117049185002426,descriptive online subset; final includes fallback,,,,,,,,,,,,,,,,,,,
/online/49,SoK,service,stale,deepseek,24,24,1,24,23,1.3961783119999893,1.6869610643999946,descriptive online subset; final includes fallback,,,,,,,,,,,,,,,,,,,
/online/50,SoK,service,stale,gemini,24,24,3,24,21,2.4614606874999936,2.785855204499978,descriptive online subset; final includes fallback,,,,,,,,,,,,,,,,,,,
/online/51,SoK,service,stale,glm47,24,24,0,24,24,2.234537500000002,20.23356778479996,descriptive online subset; final includes fallback,,,,,,,,,,,,,,,,,,,
/online/52,SoK,service,stale,jev,24,24,2,24,22,1.2516278125000326,1.4429997169999884,descriptive online subset; final includes fallback,,,,,,,,,,,,,,,,,,,
/online/53,SoK,service,stale,per_stage,24,24,12,24,12,0.0371798335000193,0.06506585440002084,descriptive online subset; final includes fallback,,,,,,,,,,,,,,,,,,,
/online/54,SoK,service,stale,qwen,24,0,0,24,24,0.31402668750000373,0.3880135206499517,descriptive online subset; final includes fallback,,,,,,,,,,,,,,,,,,,
/online/55,SoK,service,stale,rule,24,24,24,24,0,0.03006360449998624,0.050231756250019535,descriptive online subset; final includes fallback,,,,,,,,,,,,,,,,,,,
/online/56,SoK,route,absent,deepseek,24,15,10,24,14,1.2124126454999953,1.9919578329500074,descriptive online subset; final includes fallback,,,,,,,,,,,,,,,,,,,
/online/57,SoK,route,absent,gemini,24,10,8,24,16,1.587841874999981,2.543614841950003,descriptive online subset; final includes fallback,,,,,,,,,,,,,,,,,,,
/online/58,SoK,route,absent,glm47,24,21,1,24,23,2.2754338749999974,13.169976468749997,descriptive online subset; final includes fallback,,,,,,,,,,,,,,,,,,,
/online/59,SoK,route,absent,jev,24,0,0,24,24,0.8331799579999881,0.9577332848499999,descriptive online subset; final includes fallback,,,,,,,,,,,,,,,,,,,
/online/60,SoK,route,absent,qwen,24,0,0,24,24,0.8397955204999903,0.952158585700019,descriptive online subset; final includes fallback,,,,,,,,,,,,,,,,,,,
/online/61,SoK,route,absent,rule,24,24,24,24,0,0.33933989550000376,0.3803388748999755,descriptive online subset; final includes fallback,,,,,,,,,,,,,,,,,,,
/online/62,SoK,route,present,deepseek,24,15,19,24,5,0.7361536459999911,1.4200883088999907,descriptive online subset; final includes fallback,,,,,,,,,,,,,,,,,,,
/online/63,SoK,route,present,gemini,24,18,21,24,3,1.3426779169999952,2.383957154500005,descriptive online subset; final includes fallback,,,,,,,,,,,,,,,,,,,
/online/64,SoK,route,present,glm47,24,1,3,24,21,2.2299118954999955,10.464881166950002,descriptive online subset; final includes fallback,,,,,,,,,,,,,,,,,,,
/online/65,SoK,route,present,jev,24,17,22,24,2,0.6864626459999892,0.7726715901999952,descriptive online subset; final includes fallback,,,,,,,,,,,,,,,,,,,
/online/66,SoK,route,present,qwen,24,8,14,24,10,0.7527184169999996,0.8672056499499903,descriptive online subset; final includes fallback,,,,,,,,,,,,,,,,,,,
/online/67,SoK,route,present,rule,24,24,24,24,0,0.2490688540000292,0.2887388204500062,descriptive online subset; final includes fallback,,,,,,,,,,,,,,,,,,,
/online/68,Edge,RQ5a,load_1,DeepSeek-V4.1-Flash,300,,,,,,,measured live decisions + modeled service; no provider reliability inference,272,0.9066666666666666,"[0.82, 0.9766666666666667]","30 consecutive arrivals per block; whole-block bootstrap; seed42,10000 draws",1.0,300,0.356899,300,0.002069,0.0022917000000000002,"{""success"": 272, ""decision_late"": 13, ""queue_expired"": 10, ""wrong_or_late"": 4, ""no_feasible_node"": 1}",,,,,,,,
/online/69,Edge,RQ5a,load_1,GLM-5.3-Flash,300,,,,,,,measured live decisions + modeled service; no provider reliability inference,275,0.9166666666666666,"[0.8866666666666667, 0.9466666666666667]","30 consecutive arrivals per block; whole-block bootstrap; seed42,10000 draws",1.0,300,0.6784220000000001,300,0.002078,0.0024027000000000002,"{""success"": 275, ""decision_late"": 20, ""wrong_or_late"": 4, ""no_feasible_node"": 1}",,,,,,,,
/online/70,Edge,RQ5a,load_1,Jev-1.13.0,300,,,,,,,measured live decisions + modeled service; no provider reliability inference,282,0.94,"[0.9066666666666666, 0.9666666666666667]","30 consecutive arrivals per block; whole-block bootstrap; seed42,10000 draws",1.0,300,0.2711825,300,0.002074,0.0023644000000000004,"{""success"": 282, ""wrong_or_late"": 18}",,,,,,,,
/online/71,Edge,RQ5a,load_1,Laya,300,,,,,,,measured live decisions + modeled service; no provider reliability inference,35,0.11666666666666667,"[0.07666666666666666, 0.15666666666666668]","30 consecutive arrivals per block; whole-block bootstrap; seed42,10000 draws",1.0,300,0.1036145,300,0.0022065,0.0024216000000000003,"{""success"": 35, ""unsupported"": 30, ""wrong_or_late"": 235}",,,,,,,,
/online/72,Edge,RQ5a,load_1,Qwen3.5-4B-JSON,300,,,,,,,measured live decisions + modeled service; no provider reliability inference,58,0.19333333333333333,"[0.06, 0.3333333333333333]","30 consecutive arrivals per block; whole-block bootstrap; seed42,10000 draws",1.0,300,1.870825,300,0.0021149999999999997,1.7270554500000002,"{""success"": 58, ""wrong_or_late"": 51, ""decision_late"": 147, ""unsupported"": 2, ""no_feasible_node"": 3, ""queue_expired"": 39}",,,,,,,,
/online/73,Edge,RQ5a,load_1,Qwen3.8-Flash,300,,,,,,,measured live decisions + modeled service; no provider reliability inference,270,0.9,"[0.8733333333333333, 0.9266666666666666]","30 consecutive arrivals per block; whole-block bootstrap; seed42,10000 draws",1.0,300,1.2539335,300,0.0021175,0.0024761000000000006,"{""success"": 270, ""decision_late"": 14, ""no_feasible_node"": 6, ""invalid_decision"": 1, ""wrong_or_late"": 9}",,,,,,,,
/online/74,Edge,RQ5a,load_1,SemIf-Qwen3.5-4B,300,,,,,,,measured live decisions + modeled service; no provider reliability inference,189,0.63,"[0.5766666666666667, 0.69]","30 consecutive arrivals per block; whole-block bootstrap; seed42,10000 draws",1.0,300,0.529865,300,0.002108,0.002379,"{""success"": 189, ""wrong_or_late"": 107, ""unsupported"": 3, ""no_feasible_node"": 1}",,,,,,,,
/online/75,Edge,RQ5a,load_1,fixed-latency-0.3,300,,,,,,,measured live decisions + modeled service; no provider reliability inference,300,1.0,"[1.0, 1.0]","30 consecutive arrivals per block; whole-block bootstrap; seed42,10000 draws",1.0,300,0.3079375,300,0.0022015,0.00242265,"{""success"": 300}",,,,,,,,
/online/76,Edge,RQ5a,load_1,fixed-latency-0.6,300,,,,,,,measured live decisions + modeled service; no provider reliability inference,300,1.0,"[1.0, 1.0]","30 consecutive arrivals per block; whole-block bootstrap; seed42,10000 draws",1.0,300,0.6080220000000001,300,0.00216,0.0024331500000000002,"{""success"": 300}",,,,,,,,
/online/77,Edge,RQ5a,load_1,fixed-latency-1.2,300,,,,,,,measured live decisions + modeled service; no provider reliability inference,300,1.0,"[1.0, 1.0]","30 consecutive arrivals per block; whole-block bootstrap; seed42,10000 draws",1.0,300,1.2075770000000001,300,0.002193,0.00239885,"{""success"": 300}",,,,,,,,
/online/78,Edge,RQ5a,load_1,oracle,300,,,,,,,measured live decisions + modeled service; no provider reliability inference,300,1.0,"[1.0, 1.0]","30 consecutive arrivals per block; whole-block bootstrap; seed42,10000 draws",1.0,300,0.000728,300,0.0020845,0.0024000999999999996,"{""success"": 300}",,,,,,,,
/online/79,Edge,RQ5a,load_16,DeepSeek-V4.1-Flash,300,,,,,,,measured live decisions + modeled service; no provider reliability inference,28,0.09333333333333334,"[0.0, 0.28]","30 consecutive arrivals per block; whole-block bootstrap; seed42,10000 draws",16.0,300,0.39508,300,1.534621,1.97576975,"{""success"": 28, ""decision_late"": 150, ""no_feasible_node"": 3, ""queue_expired"": 96, ""queue_overflow"": 23}",,,,,,,,
/online/80,Edge,RQ5a,load_16,GLM-5.3-Flash,300,,,,,,,measured live decisions + modeled service; no provider reliability inference,7,0.023333333333333334,"[0.0, 0.07]","30 consecutive arrivals per block; whole-block bootstrap; seed42,10000 draws",16.0,300,0.0,300,0.0,1.9860103500000001,"{""success"": 7, ""decision_late"": 106, ""queue_expired"": 162, ""queue_overflow"": 25}",,,,,,,,
/online/81,Edge,RQ5a,load_16,Jev-1.13.0,300,,,,,,,measured live decisions + modeled service; no provider reliability inference,272,0.9066666666666666,"[0.8366666666666667, 0.96]","30 consecutive arrivals per block; whole-block bootstrap; seed42,10000 draws",16.0,300,0.26083500000000004,300,0.6034805,1.4923322500000002,"{""success"": 272, ""wrong_or_late"": 19, ""decision_late"": 5, ""no_feasible_node"": 4}",,,,,,,,
/online/82,Edge,RQ5a,load_16,Laya,300,,,,,,,measured live decisions + modeled service; no provider reliability inference,28,0.09333333333333334,"[0.043333333333333335, 0.14666666666666667]","30 consecutive arrivals per block; whole-block bootstrap; seed42,10000 draws",16.0,300,0.281377,300,0.243173,1.9658537,"{""success"": 28, ""unsupported"": 25, ""wrong_or_late"": 160, ""no_feasible_node"": 13, ""decision_late"": 64, ""queue_expired"": 7, ""queue_overflow"": 3}",,,,,,,,
/online/83,Edge,RQ5a,load_16,Qwen3.5-4B-JSON,300,,,,,,,measured live decisions + modeled service; no provider reliability inference,1,0.0033333333333333335,"[0.0, 0.01]","30 consecutive arrivals per block; whole-block bootstrap; seed42,10000 draws",16.0,300,0.0,300,0.0,1.8763855500000002,"{""success"": 1, ""decision_late"": 22, ""queue_expired"": 247, ""queue_overflow"": 30}",,,,,,,,
/online/84,Edge,RQ5a,load_16,Qwen3.8-Flash,300,,,,,,,measured live decisions + modeled service; no provider reliability inference,1,0.0033333333333333335,"[0.0, 0.01]","30 consecutive arrivals per block; whole-block bootstrap; seed42,10000 draws",16.0,300,0.0,300,0.0,1.9708610000000002,"{""decision_late"": 58, ""success"": 1, ""queue_expired"": 212, ""queue_overflow"": 29}",,,,,,,,
/online/85,Edge,RQ5a,load_16,SemIf-Qwen3.5-4B,300,,,,,,,measured live decisions + modeled service; no provider reliability inference,3,0.01,"[0.0, 0.03]","30 consecutive arrivals per block; whole-block bootstrap; seed42,10000 draws",16.0,300,0.0,300,0.0,1.95443365,"{""success"": 3, ""decision_late"": 32, ""queue_expired"": 236, ""queue_overflow"": 29}",,,,,,,,
/online/86,Edge,RQ5a,load_16,fixed-latency-0.3,300,,,,,,,measured live decisions + modeled service; no provider reliability inference,152,0.5066666666666667,"[0.23666666666666666, 0.7866666666666666]","30 consecutive arrivals per block; whole-block bootstrap; seed42,10000 draws",16.0,300,0.3074255,300,1.2306935,1.9520567,"{""success"": 152, ""decision_late"": 96, ""no_feasible_node"": 20, ""queue_expired"": 21, ""queue_overflow"": 11}",,,,,,,,
/online/87,Edge,RQ5a,load_16,fixed-latency-0.6,300,,,,,,,measured live decisions + modeled service; no provider reliability inference,15,0.05,"[0.0, 0.15]","30 consecutive arrivals per block; whole-block bootstrap; seed42,10000 draws",16.0,300,0.0,300,0.0,1.9793941,"{""success"": 15, ""no_feasible_node"": 1, ""decision_late"": 122, ""queue_expired"": 137, ""queue_overflow"": 25}",,,,,,,,
/online/88,Edge,RQ5a,load_16,fixed-latency-1.2,300,,,,,,,measured live decisions + modeled service; no provider reliability inference,4,0.013333333333333334,"[0.0, 0.04]","30 consecutive arrivals per block; whole-block bootstrap; seed42,10000 draws",16.0,300,0.0,300,0.0,1.9582291,"{""success"": 4, ""decision_late"": 67, ""queue_expired"": 201, ""queue_overflow"": 28}",,,,,,,,
/online/89,Edge,RQ5a,load_16,oracle,300,,,,,,,measured live decisions + modeled service; no provider reliability inference,300,1.0,"[1.0, 1.0]","30 consecutive arrivals per block; whole-block bootstrap; seed42,10000 draws",16.0,300,0.0005745,300,0.0021285,0.0023436000000000004,"{""success"": 300}",,,,,,,,
/online/90,Edge,RQ5a,load_2,DeepSeek-V4.1-Flash,300,,,,,,,measured live decisions + modeled service; no provider reliability inference,293,0.9766666666666667,"[0.9533333333333334, 0.9966666666666667]","30 consecutive arrivals per block; whole-block bootstrap; seed42,10000 draws",2.0,300,0.3827975,300,0.002068,0.0020893500000000002,"{""success"": 293, ""wrong_or_late"": 5, ""decision_late"": 2}",,,,,,,,
/online/91,Edge,RQ5a,load_2,GLM-5.3-Flash,300,,,,,,,measured live decisions + modeled service; no provider reliability inference,247,0.8233333333333334,"[0.7166666666666667, 0.9233333333333333]","30 consecutive arrivals per block; whole-block bootstrap; seed42,10000 draws",2.0,300,0.679589,300,0.0021225000000000003,0.5744086000000017,"{""success"": 247, ""decision_late"": 44, ""wrong_or_late"": 3, ""no_feasible_node"": 6}",,,,,,,,
/online/92,Edge,RQ5a,load_2,Jev-1.13.0,300,,,,,,,measured live decisions + modeled service; no provider reliability inference,286,0.9533333333333334,"[0.9333333333333333, 0.9733333333333334]","30 consecutive arrivals per block; whole-block bootstrap; seed42,10000 draws",2.0,300,0.2627345,300,0.00208,0.00237965,"{""success"": 286, ""wrong_or_late"": 14}",,,,,,,,
/online/93,Edge,RQ5a,load_2,Laya,300,,,,,,,measured live decisions + modeled service; no provider reliability inference,35,0.11666666666666667,"[0.07666666666666666, 0.15666666666666668]","30 consecutive arrivals per block; whole-block bootstrap; seed42,10000 draws",2.0,300,0.09476100000000001,300,0.0021809999999999998,0.0023829000000000003,"{""success"": 35, ""unsupported"": 30, ""wrong_or_late"": 235}",,,,,,,,
/online/94,Edge,RQ5a,load_2,Qwen3.5-4B-JSON,300,,,,,,,measured live decisions + modeled service; no provider reliability inference,1,0.0033333333333333335,"[0.0, 0.01]","30 consecutive arrivals per block; whole-block bootstrap; seed42,10000 draws",2.0,300,0.0,300,0.0,1.9147458000000002,"{""success"": 1, ""wrong_or_late"": 1, ""decision_late"": 140, ""queue_expired"": 158}",,,,,,,,
/online/95,Edge,RQ5a,load_2,Qwen3.8-Flash,300,,,,,,,measured live decisions + modeled service; no provider reliability inference,198,0.66,"[0.5333333333333333, 0.7666666666666667]","30 consecutive arrivals per block; whole-block bootstrap; seed42,10000 draws",2.0,300,1.318583,300,0.002334,1.43830735,"{""decision_late"": 79, ""success"": 198, ""wrong_or_late"": 11, ""no_feasible_node"": 10, ""queue_expired"": 2}",,,,,,,,
/online/96,Edge,RQ5a,load_2,SemIf-Qwen3.5-4B,300,,,,,,,measured live decisions + modeled service; no provider reliability inference,26,0.08666666666666667,"[0.0033333333333333335, 0.21333333333333335]","30 consecutive arrivals per block; whole-block bootstrap; seed42,10000 draws",2.0,300,2.4415500000000003,300,0.7700965,1.8906988,"{""success"": 26, ""no_feasible_node"": 3, ""decision_late"": 216, ""wrong_or_late"": 4, ""queue_expired"": 51}",,,,,,,,
/online/97,Edge,RQ5a,load_2,fixed-latency-0.3,300,,,,,,,measured live decisions + modeled service; no provider reliability inference,300,1.0,"[1.0, 1.0]","30 consecutive arrivals per block; whole-block bootstrap; seed42,10000 draws",2.0,300,0.307918,300,0.0021855,0.0024070999999999997,"{""success"": 300}",,,,,,,,
/online/98,Edge,RQ5a,load_2,fixed-latency-0.6,300,,,,,,,measured live decisions + modeled service; no provider reliability inference,300,1.0,"[1.0, 1.0]","30 consecutive arrivals per block; whole-block bootstrap; seed42,10000 draws",2.0,300,0.6084125,300,0.0021590000000000003,0.0024032500000000004,"{""success"": 300}",,,,,,,,
/online/99,Edge,RQ5a,load_2,fixed-latency-1.2,300,,,,,,,measured live decisions + modeled service; no provider reliability inference,295,0.9833333333333333,"[0.9666666666666667, 1.0]","30 consecutive arrivals per block; whole-block bootstrap; seed42,10000 draws",2.0,300,1.207991,300,0.0022455,0.4486072500000007,"{""success"": 295, ""no_feasible_node"": 2, ""decision_late"": 3}",,,,,,,,
/online/100,Edge,RQ5a,load_2,oracle,300,,,,,,,measured live decisions + modeled service; no provider reliability inference,300,1.0,"[1.0, 1.0]","30 consecutive arrivals per block; whole-block bootstrap; seed42,10000 draws",2.0,300,0.0007415,300,0.002147,0.00238015,"{""success"": 300}",,,,,,,,
/online/101,Edge,RQ5a,load_4,DeepSeek-V4.1-Flash,300,,,,,,,measured live decisions + modeled service; no provider reliability inference,295,0.9833333333333333,"[0.97, 0.9966666666666667]","30 consecutive arrivals per block; whole-block bootstrap; seed42,10000 draws",4.0,300,0.383963,300,0.0021315,0.004638400000000022,"{""success"": 295, ""wrong_or_late"": 5}",,,,,,,,
/online/102,Edge,RQ5a,load_4,GLM-5.3-Flash,300,,,,,,,measured live decisions + modeled service; no provider reliability inference,242,0.8066666666666666,"[0.6533333333333333, 0.94]","30 consecutive arrivals per block; whole-block bootstrap; seed42,10000 draws",4.0,300,0.7301145,300,0.34124350000000003,1.5067294500000001,"{""success"": 242, ""decision_late"": 43, ""no_feasible_node"": 9, ""wrong_or_late"": 2, ""queue_expired"": 4}",,,,,,,,
/online/103,Edge,RQ5a,load_4,Jev-1.13.0,300,,,,,,,measured live decisions + modeled service; no provider reliability inference,281,0.9366666666666666,"[0.91, 0.9633333333333334]","30 consecutive arrivals per block; whole-block bootstrap; seed42,10000 draws",4.0,300,0.26015750000000004,300,0.0021435,0.0024452000000000002,"{""success"": 281, ""wrong_or_late"": 18, ""invalid_decision"": 1}",,,,,,,,
/online/104,Edge,RQ5a,load_4,Laya,300,,,,,,,measured live decisions + modeled service; no provider reliability inference,35,0.11666666666666667,"[0.07666666666666666, 0.15666666666666668]","30 consecutive arrivals per block; whole-block bootstrap; seed42,10000 draws",4.0,300,0.095613,300,0.002123,0.002349,"{""success"": 35, ""unsupported"": 30, ""wrong_or_late"": 235}",,,,,,,,
/online/105,Edge,RQ5a,load_4,Qwen3.5-4B-JSON,300,,,,,,,measured live decisions + modeled service; no provider reliability inference,1,0.0033333333333333335,"[0.0, 0.01]","30 consecutive arrivals per block; whole-block bootstrap; seed42,10000 draws",4.0,300,0.0,300,0.0,1.9091254,"{""success"": 1, ""wrong_or_late"": 1, ""decision_late"": 73, ""queue_expired"": 225}",,,,,,,,
/online/106,Edge,RQ5a,load_4,Qwen3.8-Flash,300,,,,,,,measured live decisions + modeled service; no provider reliability inference,8,0.02666666666666667,"[0.01, 0.04666666666666667]","30 consecutive arrivals per block; whole-block bootstrap; seed42,10000 draws",4.0,300,1.16344,300,1.4103940000000001,1.92133975,"{""success"": 8, ""decision_late"": 196, ""queue_expired"": 93, ""no_feasible_node"": 2, ""wrong_or_late"": 1}",,,,,,,,
/online/107,Edge,RQ5a,load_4,SemIf-Qwen3.5-4B,300,,,,,,,measured live decisions + modeled service; no provider reliability inference,3,0.01,"[0.0, 0.03]","30 consecutive arrivals per block; whole-block bootstrap; seed42,10000 draws",4.0,300,0.0,300,0.0,1.96790145,"{""success"": 3, ""decision_late"": 115, ""queue_expired"": 182}",,,,,,,,
/online/108,Edge,RQ5a,load_4,fixed-latency-0.3,300,,,,,,,measured live decisions + modeled service; no provider reliability inference,300,1.0,"[1.0, 1.0]","30 consecutive arrivals per block; whole-block bootstrap; seed42,10000 draws",4.0,300,0.307561,300,0.002178,0.00240445,"{""success"": 300}",,,,,,,,
/online/109,Edge,RQ5a,load_4,fixed-latency-0.6,300,,,,,,,measured live decisions + modeled service; no provider reliability inference,300,1.0,"[1.0, 1.0]","30 consecutive arrivals per block; whole-block bootstrap; seed42,10000 draws",4.0,300,0.607869,300,0.0022005,0.2338703000000004,"{""success"": 300}",,,,,,,,
/online/110,Edge,RQ5a,load_4,fixed-latency-1.2,300,,,,,,,measured live decisions + modeled service; no provider reliability inference,35,0.11666666666666667,"[0.05, 0.19]","30 consecutive arrivals per block; whole-block bootstrap; seed42,10000 draws",4.0,300,1.2074265,300,1.325126,1.9585302500000001,"{""success"": 35, ""decision_late"": 207, ""no_feasible_node"": 11, ""queue_expired"": 47}",,,,,,,,
/online/111,Edge,RQ5a,load_4,oracle,300,,,,,,,measured live decisions + modeled service; no provider reliability inference,300,1.0,"[1.0, 1.0]","30 consecutive arrivals per block; whole-block bootstrap; seed42,10000 draws",4.0,300,0.0006590000000000001,300,0.00209,0.0023803,"{""success"": 300}",,,,,,,,
/online/112,Edge,RQ5a,load_8,DeepSeek-V4.1-Flash,300,,,,,,,measured live decisions + modeled service; no provider reliability inference,181,0.6033333333333334,"[0.35, 0.8333333333333334]","30 consecutive arrivals per block; whole-block bootstrap; seed42,10000 draws",8.0,300,0.4202615,300,0.6047605,1.8382123000000001,"{""success"": 181, ""decision_late"": 76, ""queue_expired"": 28, ""no_feasible_node"": 13, ""wrong_or_late"": 2}",,,,,,,,
/online/113,Edge,RQ5a,load_8,GLM-5.3-Flash,300,,,,,,,measured live decisions + modeled service; no provider reliability inference,23,0.07666666666666666,"[0.0, 0.19]","30 consecutive arrivals per block; whole-block bootstrap; seed42,10000 draws",8.0,300,0.635196,300,1.6135095000000002,1.9713112499999998,"{""success"": 23, ""no_feasible_node"": 5, ""decision_late"": 194, ""queue_expired"": 78}",,,,,,,,
/online/114,Edge,RQ5a,load_8,Jev-1.13.0,300,,,,,,,measured live decisions + modeled service; no provider reliability inference,283,0.9433333333333334,"[0.9233333333333333, 0.9633333333333334]","30 consecutive arrivals per block; whole-block bootstrap; seed42,10000 draws",8.0,300,0.269011,300,0.002087,0.07770245000000003,"{""success"": 283, ""wrong_or_late"": 17}",,,,,,,,
/online/115,Edge,RQ5a,load_8,Laya,300,,,,,,,measured live decisions + modeled service; no provider reliability inference,35,0.11666666666666667,"[0.07666666666666666, 0.15666666666666668]","30 consecutive arrivals per block; whole-block bootstrap; seed42,10000 draws",8.0,300,0.0995775,300,0.0020955,0.0023401,"{""success"": 35, ""unsupported"": 30, ""wrong_or_late"": 235}",,,,,,,,
/online/116,Edge,RQ5a,load_8,Qwen3.5-4B-JSON,300,,,,,,,measured live decisions + modeled service; no provider reliability inference,1,0.0033333333333333335,"[0.0, 0.01]","30 consecutive arrivals per block; whole-block bootstrap; seed42,10000 draws",8.0,300,0.0,300,0.0,1.9120793,"{""success"": 1, ""no_feasible_node"": 1, ""decision_late"": 37, ""queue_expired"": 261}",,,,,,,,
/online/117,Edge,RQ5a,load_8,Qwen3.8-Flash,300,,,,,,,measured live decisions + modeled service; no provider reliability inference,4,0.013333333333333334,"[0.0, 0.04]","30 consecutive arrivals per block; whole-block bootstrap; seed42,10000 draws",8.0,300,0.0,300,0.0,1.9669503000000002,"{""success"": 4, ""decision_late"": 106, ""queue_expired"": 190}",,,,,,,,
/online/118,Edge,RQ5a,load_8,SemIf-Qwen3.5-4B,300,,,,,,,measured live decisions + modeled service; no provider reliability inference,3,0.01,"[0.0, 0.03]","30 consecutive arrivals per block; whole-block bootstrap; seed42,10000 draws",8.0,300,0.0,300,0.0,1.9536895,"{""success"": 3, ""decision_late"": 60, ""queue_expired"": 237}",,,,,,,,
/online/119,Edge,RQ5a,load_8,fixed-latency-0.3,300,,,,,,,measured live decisions + modeled service; no provider reliability inference,300,1.0,"[1.0, 1.0]","30 consecutive arrivals per block; whole-block bootstrap; seed42,10000 draws",8.0,300,0.30815250000000005,300,0.0021805,0.1248450500000002,"{""success"": 300}",,,,,,,,
/online/120,Edge,RQ5a,load_8,fixed-latency-0.6,300,,,,,,,measured live decisions + modeled service; no provider reliability inference,57,0.19,"[0.03, 0.4166666666666667]","30 consecutive arrivals per block; whole-block bootstrap; seed42,10000 draws",8.0,300,0.607262,300,1.5930054999999999,1.96231375,"{""success"": 57, ""no_feasible_node"": 7, ""decision_late"": 194, ""queue_expired"": 42}",,,,,,,,
/online/121,Edge,RQ5a,load_8,fixed-latency-1.2,300,,,,,,,measured live decisions + modeled service; no provider reliability inference,5,0.016666666666666666,"[0.0, 0.05]","30 consecutive arrivals per block; whole-block bootstrap; seed42,10000 draws",8.0,300,0.0,300,0.0,1.9713260499999998,"{""success"": 5, ""decision_late"": 126, ""queue_expired"": 169}",,,,,,,,
/online/122,Edge,RQ5a,load_8,oracle,300,,,,,,,measured live decisions + modeled service; no provider reliability inference,300,1.0,"[1.0, 1.0]","30 consecutive arrivals per block; whole-block bootstrap; seed42,10000 draws",8.0,300,0.000608,300,0.002144,0.0023791,"{""success"": 300}",,,,,,,,
/online/123,6G,RQ3,rate_0.1,Jev-1.13.0,300,,,,,,,Live interpretation plus documented A1/E2 schedule; not measured radio completion,,,,,0.1,,0.30034268693998456,,0.0014585154376618448,0.002423216498709735,,0.10694016742284933,4,0.007744908511716252,0.00774490851172,0.40140552381053607,1.0,1.0,main-hosted-v1/jev_1p13p0/rate_0p1__block1
/online/124,6G,RQ3,rate_0.5,Jev-1.13.0,300,,,,,,,Live interpretation plus documented A1/E2 schedule; not measured radio completion,,,,,0.5,,0.2846219171769917,,0.002111791195972046,0.0024111077251383504,,0.5347008371142469,4,0.03762708841667821,0.0376270884167,0.3956922286655754,0.996666666667,1.0,main-hosted-v1/jev_1p13p0/rate_0p5__block1
/online/125,6G,RQ3,rate_1,Jev-1.13.0,300,,,,,,,Live interpretation plus documented A1/E2 schedule; not measured radio completion,,,,,1.0,,0.2813068749383092,,0.0021067584455565225,0.002128021785049228,,1.0694016742284937,4,0.07401136869642262,0.0740113686964,0.38054242110811176,1.0,1.0,main-hosted-v1/jev_1p13p0/rate_1__block1
/online/126,6G,RQ3,rate_2,Jev-1.13.0,300,,,,,,,Live interpretation plus documented A1/E2 schedule; not measured radio completion,,,,,2.0,,0.2844227496534586,,0.002103956413101571,0.002130785285714154,,2.1388033484569875,4,0.1489254063786939,0.148925406379,0.3834243314806372,0.996666666667,1.0,main-hosted-v1/jev_1p13p0/rate_2__block1
/online/127,6G,RQ3,rate_0.1,SemIf-Qwen3.5-4B,300,,,,,,,Live interpretation plus documented A1/E2 schedule; not measured radio completion,,,,,0.1,,0.25557479355484247,,0.0059217489014713465,0.027129754041351366,,0.10694016742284933,4,0.01110785244735113,0.0111078524474,0.4211866117548198,0.986666666667,1.0,selfhosted/main-v1/semif_qwen3p5_4b/rate_0p1__block1
/online/128,6G,RQ3,rate_0.5,SemIf-Qwen3.5-4B,300,,,,,,,Live interpretation plus documented A1/E2 schedule; not measured radio completion,,,,,0.5,,0.25761446403339505,,0.0016659112805115228,0.005987225927509599,,0.5347008371142469,4,0.039730552233716784,0.0397305522337,0.5123237513937057,1.0,1.0,selfhosted/main-v1/semif_qwen3p5_4b/rate_0p5__block1
/online/129,6G,RQ3,rate_1,SemIf-Qwen3.5-4B,300,,,,,,,Live interpretation plus documented A1/E2 schedule; not measured radio completion,,,,,1.0,,0.33666509855538607,,0.0010740054189781745,0.0034712213385404314,,1.0694016742284937,4,0.09533563995345806,0.0953356399535,0.8171170275658372,0.973333333333,1.0,selfhosted/main-v1/semif_qwen3p5_4b/rate_1__block1
/online/130,6G,RQ3,rate_2,SemIf-Qwen3.5-4B,300,,,,,,,Live interpretation plus documented A1/E2 schedule; not measured radio completion,,,,,2.0,,0.42482334771193564,,0.000945015921928416,0.25933342278756927,,2.1388033484569875,4,0.2607658662794468,0.260765866279,1.14932939929422,0.886666666667,1.0,selfhosted/main-v1/semif_qwen3p5_4b/rate_2__block1
/online/131,6G,RQ3,rate_0.1,AnyJev-L0,300,,,,,,,Live interpretation plus documented A1/E2 schedule; not measured radio completion,,,,,0.1,,0.6685285768471658,,0.005245813013630141,0.02627722031223457,,0.10694016742284933,4,0.01749042025899204,0.017490420259,1.0379204296739775,0.743333333333,1.0,selfhosted-d12-idle/anyjev_l0/rate_0p1__block1
/online/132,6G,RQ3,rate_0.5,AnyJev-L0,300,,,,,,,Live interpretation plus documented A1/E2 schedule; not measured radio completion,,,,,0.5,,0.6967568220570683,,0.0014666619229544153,0.006006890613815586,,0.5347008371142469,4,0.1194009812133542,0.119400981213,2.01670199178625,0.523333333333,1.0,selfhosted-d12-idle/anyjev_l0/rate_0p5__block1
/online/133,6G,RQ3,rate_1,AnyJev-L0,300,,,,,,,Live interpretation plus documented A1/E2 schedule; not measured radio completion,,,,,1.0,,1.2672972104046494,,0.0012371922843783523,1.4743005882655813,,1.0694016742284937,4,0.34723200428221995,0.347232004282,2.4668350639054553,0.29,1.0,selfhosted-d12-idle/anyjev_l0/rate_1__block1
/online/134,6G,RQ3,rate_2,AnyJev-L0,300,,,,,,,Live interpretation plus documented A1/E2 schedule; not measured radio completion,,,,,2.0,,2.382891461951658,,25.171376351618747,34.5332568750677,,2.1388033484569875,4,1.1686725110459761,1.16867251105,2.5974004344781862,0.00666666666667,1.0,selfhosted-d12-idle/anyjev_l0/rate_2__block1
/online/135,6G,RQ3,rate_0.1,DeepSeek-V4.1-Flash,300,,,,,,,Live interpretation plus documented A1/E2 schedule; not measured radio completion,,,,,0.1,,0.5713714580051601,,0.0014303266256092684,0.002493326731942236,,0.10694016742284933,4,0.0201450919349057,0.0201450919349,2.0361736582126477,0.89,1.0,main-hosted-v1/deepseek_v4p1_flash/rate_0p1__block1
/online/136,6G,RQ3,rate_0.5,DeepSeek-V4.1-Flash,300,,,,,,,Live interpretation plus documented A1/E2 schedule; not measured radio completion,,,,,0.5,,0.5248300414532423,,0.0021115191248526344,0.0023190716759133425,,0.5347008371142469,4,0.09535742586944253,0.0953574258694,1.2094493972137583,0.926666666667,1.0,main-hosted-v1/deepseek_v4p1_flash/rate_0p5__block1
/online/137,6G,RQ3,rate_1,DeepSeek-V4.1-Flash,300,,,,,,,Live interpretation plus documented A1/E2 schedule; not measured radio completion,,,,,1.0,,0.5521040833555162,,0.002107156507479502,0.9138905248626014,,1.0694016742284937,4,0.220726166938742,0.220726166939,2.8799246265552982,0.84,1.0,main-hosted-v1/deepseek_v4p1_flash/rate_1__block1
/online/138,6G,RQ3,rate_2,DeepSeek-V4.1-Flash,300,,,,,,,Live interpretation plus documented A1/E2 schedule; not measured radio completion,,,,,2.0,,0.5858079791069031,,0.0021057452747612615,6.366267340264813,,2.1388033484569875,4,0.40344152910790093,0.403441529108,0.9513877008110285,0.846666666667,1.0,main-hosted-v1/deepseek_v4p1_flash/rate_2__block1
/online/139,6G,RQ3,rate_0.1,GLM-5.3-Flash,300,,,,,,,Live interpretation plus documented A1/E2 schedule; not measured radio completion,,,,,0.1,,1.2306358539499342,,0.0014320958481448542,0.0024480025812067653,,0.10694016742284933,4,0.0388473183811487,0.0388473183811,3.8591304680798233,0.22,1.0,main-hosted-v1/glm_5p3_flash/rate_0p1__block1
/online/140,6G,RQ3,rate_0.5,GLM-5.3-Flash,300,,,,,,,Live interpretation plus documented A1/E2 schedule; not measured radio completion,,,,,0.5,,1.3507435419596732,,0.0021147994528547542,1.4372222192178685,,0.5347008371142469,4,0.2478368612739723,0.247836861274,4.42482377374545,0.246666666667,1.0,main-hosted-v1/glm_5p3_flash/rate_0p5__block1
/online/141,6G,RQ3,rate_1,GLM-5.3-Flash,300,,,,,,,Live interpretation plus documented A1/E2 schedule; not measured radio completion,,,,,1.0,,0.833890916313976,,0.0021062841033412383,0.002135009148720712,,1.0694016742284937,4,0.2320613074194019,0.232061307419,1.5195667378604416,0.706666666667,1.0,main-hosted-v1/glm_5p3_flash/rate_1__block1
/online/142,6G,RQ3,rate_2,GLM-5.3-Flash,300,,,,,,,Live interpretation plus documented A1/E2 schedule; not measured radio completion,,,,,2.0,,0.671268624253571,,0.0021057847524357243,0.23092459405221985,,2.1388033484569875,4,0.3500043016175429,0.350004301618,1.012616781378165,0.913333333333,1.0,main-hosted-v1/glm_5p3_flash/rate_2__block1
/online/143,6G,RQ3,rate_0.1,Qwen3.8-Flash,300,,,,,,,Live interpretation plus documented A1/E2 schedule; not measured radio completion,,,,,0.1,,1.9849252295680344,,0.0021679894493900065,0.0023376534579483636,,0.10694016742284933,4,0.05851371500967071,0.0585137150097,4.342171752033756,0.0,1.0,main-hosted-v1-qwen-offpeak/qwen3p8_flash/rate_0p1__block1
/online/144,6G,RQ3,rate_0.5,Qwen3.8-Flash,300,,,,,,,Live interpretation plus documented A1/E2 schedule; not measured radio completion,,,,,0.5,,2.105020123999566,,0.0021649023014305158,0.0022533849272377894,,0.5347008371142469,4,0.2767090190233042,0.276709019023,3.1693256003782153,0.0,1.0,main-hosted-v1-qwen-offpeak2/qwen3p8_flash/rate_0p5__block2
/online/145,6G,RQ3,rate_1,Qwen3.8-Flash,300,,,,,,,Live interpretation plus documented A1/E2 schedule; not measured radio completion,,,,,1.0,,2.025945521425456,,0.002178623444397232,1.2598075315186394,,1.0694016742284937,4,0.5243915501842276,0.524391550184,2.9192692898679526,0.0,1.0,main-hosted-v1-qwen-offpeak/qwen3p8_flash/rate_1__block1
/online/146,6G,RQ3,rate_2,Qwen3.8-Flash,300,,,,,,,Live interpretation plus documented A1/E2 schedule; not measured radio completion,,,,,2.0,,2.09437885414809,,15.226737004289031,20.295399016940827,,2.1388033484569875,4,1.0850313496636226,1.08503134966,3.060632245521993,0.0,1.0,main-hosted-v1-qwen-offpeak/qwen3p8_flash/rate_2__block1
/online/147,6G,RQ3,rate_0.1,Qwen3.5-4B-JSON,300,,,,,,,Live interpretation plus documented A1/E2 schedule; not measured radio completion,,,,,0.1,,0.4121179757639766,,0.006136773196089962,0.02815778254390296,,0.10694016742284933,4,0.01049001332690629,0.0104900133269,0.4390330722089857,0.996666666667,1.0,selfhosted/main-v1c/qwen3p5_4b_json/rate_0p1__block1
/online/148,6G,RQ3,rate_0.5,Qwen3.5-4B-JSON,300,,,,,,,Live interpretation plus documented A1/E2 schedule; not measured radio completion,,,,,0.5,,0.4107094518840313,,0.0016531140135214173,0.005961815705050811,,0.5347008371142469,4,0.05204698914448575,0.0520469891445,0.44390597650781277,1.0,1.0,selfhosted/main-v1c/qwen3p5_4b_json/rate_0p5__block1
/online/149,6G,RQ3,rate_1,Qwen3.5-4B-JSON,300,,,,,,,Live interpretation plus documented A1/E2 schedule; not measured radio completion,,,,,1.0,,0.4178233719430864,,0.0011118541243133606,0.0032036229342601533,,1.0694016742284937,4,0.10557485271284046,0.105574852713,0.4599789203843102,1.0,1.0,selfhosted/main-v1c/qwen3p5_4b_json/rate_1__block1
/online/150,6G,RQ3,rate_2,Qwen3.5-4B-JSON,300,,,,,,,Live interpretation plus documented A1/E2 schedule; not measured radio completion,,,,,2.0,,0.43307862570509315,,0.0009044625462308886,0.002355885054384288,,2.1388033484569875,4,0.2173349820318011,0.217334982032,0.4716931469272822,1.0,1.0,selfhosted/main-v1c/qwen3p5_4b_json/rate_2__block1
