design_point,rqs,rate_per_s,speed_kmh,ues_per_cell,eligible,eligible_10s,eligible_d10,eligible_original_5pp,eligible_original_5pp_10s,eligible_original_5pp_d10,c1_point,c1_ci_low,c1_ci_high,c1_n,c1_p_raw,c1_10s_point,c1_10s_ci_low,c1_10s_ci_high,c1_10s_n,c1_10s_p_raw,c1_resolved_B,c1_resolved_10s,c1_resolved_both,c1_pass_original_5pp,c1_pass_original_5pp_10s,c1_n_actuating,c2_point,c2_ci_low,c2_ci_high,c2_n,c2_p_raw,c2_10s_point,c2_10s_ci_low,c2_10s_ci_high,c2_10s_n,c2_10s_p_raw,c2_resolved_B,c2_resolved_10s,c2_resolved_both,c2_mean_fixed_0p1,c2_mean_fixed_1,c2_mean_fixed_5,c2_monotone,c2_pass,c2_mean_fixed_0p1_10s,c2_mean_fixed_1_10s,c2_mean_fixed_5_10s,c2_monotone_10s,c2_pass_10s,tau_s,required_block_s,block_pass,block_s,n_blocks,block_10s_s,n_blocks_10s
dp_r0p1_s120_u5,RQ2,0.1,120.0,5,False,True,False,False,False,False,0.04371339456229432,-0.0012577600581124755,0.09164505220229985,51,0.0554,0.04371339456229432,0.0038027693408411046,0.08113986550117105,51,0.0338,False,True,False,False,False,51,0.047767779092438206,0.01982243774606763,0.07543249978569379,51,0.0002,0.047767779092438206,0.011576770192005101,0.0873958822344229,51,0.008,True,True,True,-0.01641882443534593,0.014598423155989932,0.031348954657092296,True,True,-0.01641882443534593,0.014598423155989932,0.031348954657092296,True,True,106.60670594619674,106.60670594619674,True,106.60670594619674,9,10.0,100
dp_r0p1_s3_u5,RQ2,0.1,3.0,5,True,True,True,False,False,False,0.02894000658533745,0.020599690367547517,0.03876024065540196,43,9.999000099990002e-05,0.02894000658533745,0.014536002469396101,0.043981156477894745,43,9.999000099990002e-05,True,True,True,False,False,43,0.059883149035570994,0.03412645103434577,0.09235653993183592,43,9.999000099990002e-05,0.059883149035570994,0.03149033836680953,0.09593273638660699,43,9.999000099990002e-05,True,True,True,0.011370953285311791,0.04228545044654268,0.07125410232088278,True,True,0.011370953285311791,0.04228545044654268,0.07125410232088278,True,True,134.72580815496843,134.72580815496843,True,134.72580815496843,7,10.0,100
dp_r0p1_s60_u5,RQ2,0.1,60.0,5,False,False,False,False,False,False,0.00878766912263178,-0.01843887620631223,0.028896638508677065,48,0.4404,0.00878766912263178,-0.0234227300936431,0.03715568633003762,48,0.5542,False,False,False,False,False,48,0.07219769665032268,0.04020517673498981,0.11723035230026942,48,9.999000099990002e-05,0.07219769665032268,0.034044788014482595,0.11325108515157539,48,0.0004,True,True,True,-0.039324965221495076,-0.02186887790467081,0.0328727314288276,True,True,-0.039324965221495076,-0.02186887790467081,0.0328727314288276,True,True,84.65692294408052,84.65692294408052,True,84.65692294408052,11,10.0,100
dp_r0p3_s120_u5,RQ2,0.3,120.0,5,False,False,False,False,False,False,0.02499313001898442,-0.004764567997012719,0.05117346513399164,49,0.0998,0.02499313001898442,-0.0054050575190957,0.051951840428061793,49,0.0996,False,False,False,False,False,49,0.060847667452182515,0.04115984374364835,0.08614113758225582,49,9.999000099990002e-05,0.060847667452182515,0.041533132412407144,0.08572220860203199,49,9.999000099990002e-05,True,True,True,0.005663264447173688,0.0341785106374952,0.0665109318993562,True,True,0.005663264447173688,0.0341785106374952,0.0665109318993562,True,True,8.053094956841697,10.0,True,10.0,34,10.0,33
dp_r0p3_s30_u5,RQ1,0.3,30.0,5,True,True,True,False,False,False,0.039554127811132,0.02165578353846485,0.07020821906378823,47,9.999000099990002e-05,0.039554127811132,0.018335577073465364,0.06542583353823343,47,9.999000099990002e-05,True,True,True,False,False,47,0.03934260898773108,0.012249054548807647,0.06366673231792717,47,0.0126,0.03934260898773108,0.00952227930698333,0.06848454246319592,47,0.0124,True,True,True,-0.023426903960887882,-0.003257981566923289,0.015915705026843193,True,True,-0.023426903960887882,-0.003257981566923289,0.015915705026843193,True,True,48.81676346203054,48.81676346203054,True,48.81676346203054,7,10.0,33
dp_r0p3_s3_u5,RQ2,0.3,3.0,5,False,False,False,False,False,False,0.025712249406186286,0.0032446491417079666,0.04460574925070734,42,0.027,0.025712249406186286,0.00273153364383474,0.04513729613762696,42,0.0294,True,True,True,False,False,42,0.03605002471073899,-0.006829903427389844,0.07145545090122296,42,0.0952,0.03605002471073899,-0.007411805335585821,0.0733493124565493,42,0.098,False,False,False,0.012569484087341225,0.04303148240648241,0.048619508798080226,True,False,0.012569484087341225,0.04303148240648241,0.048619508798080226,True,False,6.654900569464932,10.0,True,10.0,34,10.0,33
dp_r0p3_s60_u5,RQ2,0.3,60.0,5,False,False,False,False,False,False,0.01843229310554459,-0.014767490645831875,0.051834421965741305,40,0.2474,0.01843229310554459,-0.012552913436320109,0.04942636885504484,40,0.237,False,False,False,False,False,40,0.05384836937452779,0.03588486903080851,0.07297937563247273,40,9.999000099990002e-05,0.05384836937452779,0.030617217622771208,0.07786386420530358,40,9.999000099990002e-05,True,True,True,-0.03700825852638591,-0.008044171061021076,0.01684011084814189,True,True,-0.03700825852638591,-0.008044171061021076,0.01684011084814189,True,True,25.56837853274422,25.56837853274422,True,25.56837853274422,13,10.0,33
dp_r1_s120_u5,RQ2,1.0,120.0,5,False,True,False,False,False,False,0.02970996882818571,-0.0029363509116932317,0.07374194672322791,49,0.0832,0.02970996882818571,0.0012143262444837084,0.0660255648977908,49,0.039,False,True,False,False,False,49,0.05424636117279468,0.02334485232273976,0.07774228291445646,49,0.0006,0.05424636117279468,0.02515694900840486,0.08159966838077033,49,0.0006,True,True,True,-0.02460119508521556,0.0025129031053337707,0.02964516608757912,True,True,-0.02460119508521556,0.0025129031053337707,0.02964516608757912,True,True,11.71712177678048,11.71712177678048,True,11.71712177678048,9,10.0,10
dp_r1_s3_u5,RQ2,1.0,3.0,5,True,True,True,False,False,False,0.02514165001665002,0.011686395320703834,0.040663765632515635,40,9.999000099990002e-05,0.02514165001665002,0.012192047112143459,0.04054837923828308,40,9.999000099990002e-05,True,True,True,False,False,40,0.0463479020979021,0.03422996642585057,0.05784565442273775,40,9.999000099990002e-05,0.0463479020979021,0.03428598243274583,0.057826887695637694,40,9.999000099990002e-05,True,True,True,0.0027323926073926086,0.0257777639027639,0.0490802947052947,True,True,0.0027323926073926086,0.0257777639027639,0.0490802947052947,True,True,6.095147718691741,10.0,True,10.0,11,10.0,10
dp_r1_s60_u5,RQ2,1.0,60.0,5,True,True,True,False,False,False,0.02866034567634075,0.009453425559756463,0.04816190240386676,53,0.0002,0.02866034567634075,0.004673763285656048,0.05157135273862489,53,0.0164,True,True,True,False,False,53,0.04107020176625573,0.03068345488551397,0.0569705373074951,53,9.999000099990002e-05,0.04107020176625573,0.02982803067752851,0.05501416482153568,53,9.999000099990002e-05,True,True,True,-0.012519168738700955,0.0058329624730949405,0.028551033027554767,True,True,-0.012519168738700955,0.0058329624730949405,0.028551033027554767,True,True,13.18686218590583,13.18686218590583,True,13.18686218590583,8,10.0,10
