run_id,design_point,platform_root,binary_sha256,lena_commit,lena_note,d7_patch_lines,d7b_patch_lines
rq1_e_r0p3_s30_fixed_0_1,dp_r0p3_s30_u5,c2-runs/cluster-a,7e2268c1a756673a6367beb2cdd759c51568fa35d30233b7f379ee2d9e943221,cedceadda17392c90587fb9400eb9b1f8c236713,cedceadda17392c90587fb9400eb9b1f8c236713,0,0
rq1_e_r0p3_s30_fixed_1,dp_r0p3_s30_u5,c2-runs/cluster-a,7e2268c1a756673a6367beb2cdd759c51568fa35d30233b7f379ee2d9e943221,cedceadda17392c90587fb9400eb9b1f8c236713,cedceadda17392c90587fb9400eb9b1f8c236713,0,0
rq1_e_r0p3_s30_fixed_5,dp_r0p3_s30_u5,c2-runs/cluster-a,7e2268c1a756673a6367beb2cdd759c51568fa35d30233b7f379ee2d9e943221,cedceadda17392c90587fb9400eb9b1f8c236713,cedceadda17392c90587fb9400eb9b1f8c236713,0,0
rq1_e_r0p3_s30_l_anyjev_l0,dp_r0p3_s30_u5,c2-runs/cluster-a,7e2268c1a756673a6367beb2cdd759c51568fa35d30233b7f379ee2d9e943221,cedceadda17392c90587fb9400eb9b1f8c236713,cedceadda17392c90587fb9400eb9b1f8c236713,0,0
rq1_e_r0p3_s30_l_deepseek_v4_1_flash,dp_r0p3_s30_u5,c2-runs/cluster-a,7e2268c1a756673a6367beb2cdd759c51568fa35d30233b7f379ee2d9e943221,cedceadda17392c90587fb9400eb9b1f8c236713,cedceadda17392c90587fb9400eb9b1f8c236713,0,0
rq1_e_r0p3_s30_l_glm_5_3_flash,dp_r0p3_s30_u5,c2-runs/cluster-a,7e2268c1a756673a6367beb2cdd759c51568fa35d30233b7f379ee2d9e943221,cedceadda17392c90587fb9400eb9b1f8c236713,cedceadda17392c90587fb9400eb9b1f8c236713,0,0
rq1_e_r0p3_s30_l_jev_1_13_0,dp_r0p3_s30_u5,c2-runs/cluster-a,7e2268c1a756673a6367beb2cdd759c51568fa35d30233b7f379ee2d9e943221,cedceadda17392c90587fb9400eb9b1f8c236713,cedceadda17392c90587fb9400eb9b1f8c236713,0,0
rq1_e_r0p3_s30_l_qwen3_5_4b_json,dp_r0p3_s30_u5,c2-runs/cluster-a,7e2268c1a756673a6367beb2cdd759c51568fa35d30233b7f379ee2d9e943221,cedceadda17392c90587fb9400eb9b1f8c236713,cedceadda17392c90587fb9400eb9b1f8c236713,0,0
rq1_e_r0p3_s30_l_qwen3_8_flash,dp_r0p3_s30_u5,c2-runs/cluster-a,7e2268c1a756673a6367beb2cdd759c51568fa35d30233b7f379ee2d9e943221,cedceadda17392c90587fb9400eb9b1f8c236713,cedceadda17392c90587fb9400eb9b1f8c236713,0,0
rq1_e_r0p3_s30_l_semif_qwen3_5_4b,dp_r0p3_s30_u5,c2-runs/cluster-a,7e2268c1a756673a6367beb2cdd759c51568fa35d30233b7f379ee2d9e943221,cedceadda17392c90587fb9400eb9b1f8c236713,cedceadda17392c90587fb9400eb9b1f8c236713,0,0
rq1_e_r0p3_s30_no_update,dp_r0p3_s30_u5,c2-runs/cluster-a,7e2268c1a756673a6367beb2cdd759c51568fa35d30233b7f379ee2d9e943221,cedceadda17392c90587fb9400eb9b1f8c236713,cedceadda17392c90587fb9400eb9b1f8c236713,0,0
rq1_e_r0p3_s30_oracle,dp_r0p3_s30_u5,c2-runs/cluster-a,7e2268c1a756673a6367beb2cdd759c51568fa35d30233b7f379ee2d9e943221,cedceadda17392c90587fb9400eb9b1f8c236713,cedceadda17392c90587fb9400eb9b1f8c236713,0,0
rq2_e_r0p1_s120_fixed_0_1,dp_r0p1_s120_u5,c2-runs/m4-d7b,32976335767682d2351eee8a57f07c8b591f7a5e36327c61cda874538c012bbd,cedceadda17392c90587fb9400eb9b1f8c236713,cedceadda17392c90587fb9400eb9b1f8c236713,0,0
rq2_e_r0p1_s120_fixed_1,dp_r0p1_s120_u5,c2-runs/m4-d7b,32976335767682d2351eee8a57f07c8b591f7a5e36327c61cda874538c012bbd,cedceadda17392c90587fb9400eb9b1f8c236713,cedceadda17392c90587fb9400eb9b1f8c236713 + D-7 patched branch observed,1,0
rq2_e_r0p1_s120_fixed_5,dp_r0p1_s120_u5,c2-runs/cluster-b,bd1738b03a98303a92eaefef2ba862ef02d4964544760170fe8d6ca125818c45,cedceadda17392c90587fb9400eb9b1f8c236713,cedceadda17392c90587fb9400eb9b1f8c236713,0,0
rq2_e_r0p1_s120_l_anyjev_l0,dp_r0p1_s120_u5,c2-runs/cluster-b,bd1738b03a98303a92eaefef2ba862ef02d4964544760170fe8d6ca125818c45,cedceadda17392c90587fb9400eb9b1f8c236713,cedceadda17392c90587fb9400eb9b1f8c236713,0,0
rq2_e_r0p1_s120_l_deepseek_v4_1_flash,dp_r0p1_s120_u5,c2-runs/cluster-b,bd1738b03a98303a92eaefef2ba862ef02d4964544760170fe8d6ca125818c45,cedceadda17392c90587fb9400eb9b1f8c236713,cedceadda17392c90587fb9400eb9b1f8c236713,0,0
rq2_e_r0p1_s120_l_glm_5_3_flash,dp_r0p1_s120_u5,c2-runs/cluster-b,bd1738b03a98303a92eaefef2ba862ef02d4964544760170fe8d6ca125818c45,cedceadda17392c90587fb9400eb9b1f8c236713,cedceadda17392c90587fb9400eb9b1f8c236713,0,0
rq2_e_r0p1_s120_l_jev_1_13_0,dp_r0p1_s120_u5,c2-runs/cluster-b,bd1738b03a98303a92eaefef2ba862ef02d4964544760170fe8d6ca125818c45,cedceadda17392c90587fb9400eb9b1f8c236713,cedceadda17392c90587fb9400eb9b1f8c236713,0,0
rq2_e_r0p1_s120_l_qwen3_5_4b_json,dp_r0p1_s120_u5,c2-runs/cluster-b,bd1738b03a98303a92eaefef2ba862ef02d4964544760170fe8d6ca125818c45,cedceadda17392c90587fb9400eb9b1f8c236713,cedceadda17392c90587fb9400eb9b1f8c236713,0,0
rq2_e_r0p1_s120_l_qwen3_8_flash,dp_r0p1_s120_u5,c2-runs/cluster-b,bd1738b03a98303a92eaefef2ba862ef02d4964544760170fe8d6ca125818c45,cedceadda17392c90587fb9400eb9b1f8c236713,cedceadda17392c90587fb9400eb9b1f8c236713,0,0
rq2_e_r0p1_s120_l_semif_qwen3_5_4b,dp_r0p1_s120_u5,c2-runs/m4-d7b,32976335767682d2351eee8a57f07c8b591f7a5e36327c61cda874538c012bbd,cedceadda17392c90587fb9400eb9b1f8c236713,cedceadda17392c90587fb9400eb9b1f8c236713,0,0
rq2_e_r0p1_s120_no_update,dp_r0p1_s120_u5,c2-runs/cluster-b,bd1738b03a98303a92eaefef2ba862ef02d4964544760170fe8d6ca125818c45,cedceadda17392c90587fb9400eb9b1f8c236713,cedceadda17392c90587fb9400eb9b1f8c236713,0,0
rq2_e_r0p1_s120_oracle,dp_r0p1_s120_u5,c2-runs/cluster-b,bd1738b03a98303a92eaefef2ba862ef02d4964544760170fe8d6ca125818c45,cedceadda17392c90587fb9400eb9b1f8c236713,cedceadda17392c90587fb9400eb9b1f8c236713,0,0
rq2_e_r0p1_s3_fixed_0_1,dp_r0p1_s3_u5,c2-runs/cluster-b,bd1738b03a98303a92eaefef2ba862ef02d4964544760170fe8d6ca125818c45,cedceadda17392c90587fb9400eb9b1f8c236713,cedceadda17392c90587fb9400eb9b1f8c236713,0,0
rq2_e_r0p1_s3_fixed_1,dp_r0p1_s3_u5,c2-runs/cluster-b,bd1738b03a98303a92eaefef2ba862ef02d4964544760170fe8d6ca125818c45,cedceadda17392c90587fb9400eb9b1f8c236713,cedceadda17392c90587fb9400eb9b1f8c236713,0,0
rq2_e_r0p1_s3_fixed_5,dp_r0p1_s3_u5,c2-runs/cluster-b,bd1738b03a98303a92eaefef2ba862ef02d4964544760170fe8d6ca125818c45,cedceadda17392c90587fb9400eb9b1f8c236713,cedceadda17392c90587fb9400eb9b1f8c236713,0,0
rq2_e_r0p1_s3_l_anyjev_l0,dp_r0p1_s3_u5,c2-runs/cluster-b,bd1738b03a98303a92eaefef2ba862ef02d4964544760170fe8d6ca125818c45,cedceadda17392c90587fb9400eb9b1f8c236713,cedceadda17392c90587fb9400eb9b1f8c236713,0,0
rq2_e_r0p1_s3_l_deepseek_v4_1_flash,dp_r0p1_s3_u5,c2-runs/cluster-b,bd1738b03a98303a92eaefef2ba862ef02d4964544760170fe8d6ca125818c45,cedceadda17392c90587fb9400eb9b1f8c236713,cedceadda17392c90587fb9400eb9b1f8c236713,0,0
rq2_e_r0p1_s3_l_glm_5_3_flash,dp_r0p1_s3_u5,c2-runs/cluster-b,bd1738b03a98303a92eaefef2ba862ef02d4964544760170fe8d6ca125818c45,cedceadda17392c90587fb9400eb9b1f8c236713,cedceadda17392c90587fb9400eb9b1f8c236713,0,0
rq2_e_r0p1_s3_l_jev_1_13_0,dp_r0p1_s3_u5,c2-runs/cluster-b,bd1738b03a98303a92eaefef2ba862ef02d4964544760170fe8d6ca125818c45,cedceadda17392c90587fb9400eb9b1f8c236713,cedceadda17392c90587fb9400eb9b1f8c236713,0,0
rq2_e_r0p1_s3_l_qwen3_5_4b_json,dp_r0p1_s3_u5,c2-runs/cluster-b,bd1738b03a98303a92eaefef2ba862ef02d4964544760170fe8d6ca125818c45,cedceadda17392c90587fb9400eb9b1f8c236713,cedceadda17392c90587fb9400eb9b1f8c236713,0,0
rq2_e_r0p1_s3_l_qwen3_8_flash,dp_r0p1_s3_u5,c2-runs/cluster-b,bd1738b03a98303a92eaefef2ba862ef02d4964544760170fe8d6ca125818c45,cedceadda17392c90587fb9400eb9b1f8c236713,cedceadda17392c90587fb9400eb9b1f8c236713,0,0
rq2_e_r0p1_s3_l_semif_qwen3_5_4b,dp_r0p1_s3_u5,c2-runs/cluster-b,bd1738b03a98303a92eaefef2ba862ef02d4964544760170fe8d6ca125818c45,cedceadda17392c90587fb9400eb9b1f8c236713,cedceadda17392c90587fb9400eb9b1f8c236713,0,0
rq2_e_r0p1_s3_no_update,dp_r0p1_s3_u5,c2-runs/cluster-b,bd1738b03a98303a92eaefef2ba862ef02d4964544760170fe8d6ca125818c45,cedceadda17392c90587fb9400eb9b1f8c236713,cedceadda17392c90587fb9400eb9b1f8c236713,0,0
rq2_e_r0p1_s3_oracle,dp_r0p1_s3_u5,c2-runs/cluster-b,bd1738b03a98303a92eaefef2ba862ef02d4964544760170fe8d6ca125818c45,cedceadda17392c90587fb9400eb9b1f8c236713,cedceadda17392c90587fb9400eb9b1f8c236713,0,0
rq2_e_r0p1_s60_fixed_0_1,dp_r0p1_s60_u5,c2-runs/cluster-b,bd1738b03a98303a92eaefef2ba862ef02d4964544760170fe8d6ca125818c45,cedceadda17392c90587fb9400eb9b1f8c236713,cedceadda17392c90587fb9400eb9b1f8c236713,0,0
rq2_e_r0p1_s60_fixed_1,dp_r0p1_s60_u5,c2-runs/cluster-b,bd1738b03a98303a92eaefef2ba862ef02d4964544760170fe8d6ca125818c45,cedceadda17392c90587fb9400eb9b1f8c236713,cedceadda17392c90587fb9400eb9b1f8c236713,0,0
rq2_e_r0p1_s60_fixed_5,dp_r0p1_s60_u5,c2-runs/cluster-b,bd1738b03a98303a92eaefef2ba862ef02d4964544760170fe8d6ca125818c45,cedceadda17392c90587fb9400eb9b1f8c236713,cedceadda17392c90587fb9400eb9b1f8c236713,0,0
rq2_e_r0p1_s60_l_anyjev_l0,dp_r0p1_s60_u5,c2-runs/cluster-b,bd1738b03a98303a92eaefef2ba862ef02d4964544760170fe8d6ca125818c45,cedceadda17392c90587fb9400eb9b1f8c236713,cedceadda17392c90587fb9400eb9b1f8c236713,0,0
rq2_e_r0p1_s60_l_deepseek_v4_1_flash,dp_r0p1_s60_u5,c2-runs/cluster-b,bd1738b03a98303a92eaefef2ba862ef02d4964544760170fe8d6ca125818c45,cedceadda17392c90587fb9400eb9b1f8c236713,cedceadda17392c90587fb9400eb9b1f8c236713,0,0
rq2_e_r0p1_s60_l_glm_5_3_flash,dp_r0p1_s60_u5,c2-runs/m4-d7b,32976335767682d2351eee8a57f07c8b591f7a5e36327c61cda874538c012bbd,cedceadda17392c90587fb9400eb9b1f8c236713,cedceadda17392c90587fb9400eb9b1f8c236713,0,0
rq2_e_r0p1_s60_l_jev_1_13_0,dp_r0p1_s60_u5,c2-runs/m4-d7b,32976335767682d2351eee8a57f07c8b591f7a5e36327c61cda874538c012bbd,cedceadda17392c90587fb9400eb9b1f8c236713,cedceadda17392c90587fb9400eb9b1f8c236713,0,0
rq2_e_r0p1_s60_l_qwen3_5_4b_json,dp_r0p1_s60_u5,c2-runs/m4-d7b,32976335767682d2351eee8a57f07c8b591f7a5e36327c61cda874538c012bbd,cedceadda17392c90587fb9400eb9b1f8c236713,cedceadda17392c90587fb9400eb9b1f8c236713,0,0
rq2_e_r0p1_s60_l_qwen3_8_flash,dp_r0p1_s60_u5,c2-runs/cluster-b,bd1738b03a98303a92eaefef2ba862ef02d4964544760170fe8d6ca125818c45,cedceadda17392c90587fb9400eb9b1f8c236713,cedceadda17392c90587fb9400eb9b1f8c236713,0,0
rq2_e_r0p1_s60_l_semif_qwen3_5_4b,dp_r0p1_s60_u5,c2-runs/cluster-b,bd1738b03a98303a92eaefef2ba862ef02d4964544760170fe8d6ca125818c45,cedceadda17392c90587fb9400eb9b1f8c236713,cedceadda17392c90587fb9400eb9b1f8c236713,0,0
rq2_e_r0p1_s60_no_update,dp_r0p1_s60_u5,c2-runs/cluster-b,bd1738b03a98303a92eaefef2ba862ef02d4964544760170fe8d6ca125818c45,cedceadda17392c90587fb9400eb9b1f8c236713,cedceadda17392c90587fb9400eb9b1f8c236713,0,0
rq2_e_r0p1_s60_oracle,dp_r0p1_s60_u5,c2-runs/cluster-b,bd1738b03a98303a92eaefef2ba862ef02d4964544760170fe8d6ca125818c45,cedceadda17392c90587fb9400eb9b1f8c236713,cedceadda17392c90587fb9400eb9b1f8c236713,0,0
rq2_e_r0p3_s120_fixed_0_1,dp_r0p3_s120_u5,c2-runs/cluster-a,7e2268c1a756673a6367beb2cdd759c51568fa35d30233b7f379ee2d9e943221,cedceadda17392c90587fb9400eb9b1f8c236713,cedceadda17392c90587fb9400eb9b1f8c236713,0,0
rq2_e_r0p3_s120_fixed_1,dp_r0p3_s120_u5,c2-runs/cluster-a-d7b,74d32e4687ff8ae9b6f338fe6ec216b063a74875f964776fe6fe9936f779d27f,cedceadda17392c90587fb9400eb9b1f8c236713,cedceadda17392c90587fb9400eb9b1f8c236713,0,0
rq2_e_r0p3_s120_fixed_5,dp_r0p3_s120_u5,c2-runs/cluster-a,7e2268c1a756673a6367beb2cdd759c51568fa35d30233b7f379ee2d9e943221,cedceadda17392c90587fb9400eb9b1f8c236713,cedceadda17392c90587fb9400eb9b1f8c236713,0,0
rq2_e_r0p3_s120_l_anyjev_l0,dp_r0p3_s120_u5,c2-runs/cluster-a,7e2268c1a756673a6367beb2cdd759c51568fa35d30233b7f379ee2d9e943221,cedceadda17392c90587fb9400eb9b1f8c236713,cedceadda17392c90587fb9400eb9b1f8c236713,0,0
rq2_e_r0p3_s120_l_deepseek_v4_1_flash,dp_r0p3_s120_u5,c2-runs/cluster-a,7e2268c1a756673a6367beb2cdd759c51568fa35d30233b7f379ee2d9e943221,cedceadda17392c90587fb9400eb9b1f8c236713,cedceadda17392c90587fb9400eb9b1f8c236713,0,0
rq2_e_r0p3_s120_l_glm_5_3_flash,dp_r0p3_s120_u5,c2-runs/cluster-a,7e2268c1a756673a6367beb2cdd759c51568fa35d30233b7f379ee2d9e943221,cedceadda17392c90587fb9400eb9b1f8c236713,cedceadda17392c90587fb9400eb9b1f8c236713,0,0
rq2_e_r0p3_s120_l_jev_1_13_0,dp_r0p3_s120_u5,c2-runs/cluster-a,7e2268c1a756673a6367beb2cdd759c51568fa35d30233b7f379ee2d9e943221,cedceadda17392c90587fb9400eb9b1f8c236713,cedceadda17392c90587fb9400eb9b1f8c236713,0,0
rq2_e_r0p3_s120_l_qwen3_5_4b_json,dp_r0p3_s120_u5,c2-runs/cluster-a,7e2268c1a756673a6367beb2cdd759c51568fa35d30233b7f379ee2d9e943221,cedceadda17392c90587fb9400eb9b1f8c236713,cedceadda17392c90587fb9400eb9b1f8c236713,0,0
rq2_e_r0p3_s120_l_qwen3_8_flash,dp_r0p3_s120_u5,c2-runs/cluster-a-d7,025d3dc420e0e9b33984a06d6fc96ce1353e6c243763d0274503e536a03edf7d,cedceadda17392c90587fb9400eb9b1f8c236713,cedceadda17392c90587fb9400eb9b1f8c236713,0,0
rq2_e_r0p3_s120_l_semif_qwen3_5_4b,dp_r0p3_s120_u5,c2-runs/cluster-a,7e2268c1a756673a6367beb2cdd759c51568fa35d30233b7f379ee2d9e943221,cedceadda17392c90587fb9400eb9b1f8c236713,cedceadda17392c90587fb9400eb9b1f8c236713,0,0
rq2_e_r0p3_s120_no_update,dp_r0p3_s120_u5,c2-runs/cluster-a,7e2268c1a756673a6367beb2cdd759c51568fa35d30233b7f379ee2d9e943221,cedceadda17392c90587fb9400eb9b1f8c236713,cedceadda17392c90587fb9400eb9b1f8c236713,0,0
rq2_e_r0p3_s120_oracle,dp_r0p3_s120_u5,c2-runs/cluster-a,7e2268c1a756673a6367beb2cdd759c51568fa35d30233b7f379ee2d9e943221,cedceadda17392c90587fb9400eb9b1f8c236713,cedceadda17392c90587fb9400eb9b1f8c236713,0,0
rq2_e_r0p3_s3_fixed_0_1,dp_r0p3_s3_u5,c2-runs/l40,a59ba72a0949acce9efa0f0009fc33164e7f6f2c2ed75aa91e3a32e096322a5f,cedceadda17392c90587fb9400eb9b1f8c236713,cedceadda17392c90587fb9400eb9b1f8c236713,0,0
rq2_e_r0p3_s3_fixed_1,dp_r0p3_s3_u5,c2-runs/l40,a59ba72a0949acce9efa0f0009fc33164e7f6f2c2ed75aa91e3a32e096322a5f,cedceadda17392c90587fb9400eb9b1f8c236713,cedceadda17392c90587fb9400eb9b1f8c236713,0,0
rq2_e_r0p3_s3_fixed_5,dp_r0p3_s3_u5,c2-runs/l40,a59ba72a0949acce9efa0f0009fc33164e7f6f2c2ed75aa91e3a32e096322a5f,cedceadda17392c90587fb9400eb9b1f8c236713,cedceadda17392c90587fb9400eb9b1f8c236713,0,0
rq2_e_r0p3_s3_l_anyjev_l0,dp_r0p3_s3_u5,c2-runs/l40,a59ba72a0949acce9efa0f0009fc33164e7f6f2c2ed75aa91e3a32e096322a5f,cedceadda17392c90587fb9400eb9b1f8c236713,cedceadda17392c90587fb9400eb9b1f8c236713,0,0
rq2_e_r0p3_s3_l_deepseek_v4_1_flash,dp_r0p3_s3_u5,c2-runs/l40,a59ba72a0949acce9efa0f0009fc33164e7f6f2c2ed75aa91e3a32e096322a5f,cedceadda17392c90587fb9400eb9b1f8c236713,cedceadda17392c90587fb9400eb9b1f8c236713,0,0
rq2_e_r0p3_s3_l_glm_5_3_flash,dp_r0p3_s3_u5,c2-runs/l40,a59ba72a0949acce9efa0f0009fc33164e7f6f2c2ed75aa91e3a32e096322a5f,cedceadda17392c90587fb9400eb9b1f8c236713,cedceadda17392c90587fb9400eb9b1f8c236713,0,0
rq2_e_r0p3_s3_l_jev_1_13_0,dp_r0p3_s3_u5,c2-runs/l40,a59ba72a0949acce9efa0f0009fc33164e7f6f2c2ed75aa91e3a32e096322a5f,cedceadda17392c90587fb9400eb9b1f8c236713,cedceadda17392c90587fb9400eb9b1f8c236713,0,0
rq2_e_r0p3_s3_l_qwen3_5_4b_json,dp_r0p3_s3_u5,c2-runs/l40,a59ba72a0949acce9efa0f0009fc33164e7f6f2c2ed75aa91e3a32e096322a5f,cedceadda17392c90587fb9400eb9b1f8c236713,cedceadda17392c90587fb9400eb9b1f8c236713,0,0
rq2_e_r0p3_s3_l_qwen3_8_flash,dp_r0p3_s3_u5,c2-runs/l40,a59ba72a0949acce9efa0f0009fc33164e7f6f2c2ed75aa91e3a32e096322a5f,cedceadda17392c90587fb9400eb9b1f8c236713,cedceadda17392c90587fb9400eb9b1f8c236713,0,0
rq2_e_r0p3_s3_l_semif_qwen3_5_4b,dp_r0p3_s3_u5,c2-runs/l40,a59ba72a0949acce9efa0f0009fc33164e7f6f2c2ed75aa91e3a32e096322a5f,cedceadda17392c90587fb9400eb9b1f8c236713,cedceadda17392c90587fb9400eb9b1f8c236713,0,0
rq2_e_r0p3_s3_no_update,dp_r0p3_s3_u5,c2-runs/l40,a59ba72a0949acce9efa0f0009fc33164e7f6f2c2ed75aa91e3a32e096322a5f,cedceadda17392c90587fb9400eb9b1f8c236713,cedceadda17392c90587fb9400eb9b1f8c236713,0,0
rq2_e_r0p3_s3_oracle,dp_r0p3_s3_u5,c2-runs/l40,a59ba72a0949acce9efa0f0009fc33164e7f6f2c2ed75aa91e3a32e096322a5f,cedceadda17392c90587fb9400eb9b1f8c236713,cedceadda17392c90587fb9400eb9b1f8c236713,0,0
rq2_e_r0p3_s60_fixed_0_1,dp_r0p3_s60_u5,c2-runs/cluster-a-d7,025d3dc420e0e9b33984a06d6fc96ce1353e6c243763d0274503e536a03edf7d,cedceadda17392c90587fb9400eb9b1f8c236713,cedceadda17392c90587fb9400eb9b1f8c236713,0,0
rq2_e_r0p3_s60_fixed_1,dp_r0p3_s60_u5,c2-runs/cluster-a,7e2268c1a756673a6367beb2cdd759c51568fa35d30233b7f379ee2d9e943221,cedceadda17392c90587fb9400eb9b1f8c236713,cedceadda17392c90587fb9400eb9b1f8c236713,0,0
rq2_e_r0p3_s60_fixed_5,dp_r0p3_s60_u5,c2-runs/cluster-a,7e2268c1a756673a6367beb2cdd759c51568fa35d30233b7f379ee2d9e943221,cedceadda17392c90587fb9400eb9b1f8c236713,cedceadda17392c90587fb9400eb9b1f8c236713,0,0
rq2_e_r0p3_s60_l_anyjev_l0,dp_r0p3_s60_u5,c2-runs/cluster-a,7e2268c1a756673a6367beb2cdd759c51568fa35d30233b7f379ee2d9e943221,cedceadda17392c90587fb9400eb9b1f8c236713,cedceadda17392c90587fb9400eb9b1f8c236713,0,0
rq2_e_r0p3_s60_l_deepseek_v4_1_flash,dp_r0p3_s60_u5,c2-runs/cluster-a,7e2268c1a756673a6367beb2cdd759c51568fa35d30233b7f379ee2d9e943221,cedceadda17392c90587fb9400eb9b1f8c236713,cedceadda17392c90587fb9400eb9b1f8c236713,0,0
rq2_e_r0p3_s60_l_glm_5_3_flash,dp_r0p3_s60_u5,c2-runs/cluster-a,7e2268c1a756673a6367beb2cdd759c51568fa35d30233b7f379ee2d9e943221,cedceadda17392c90587fb9400eb9b1f8c236713,cedceadda17392c90587fb9400eb9b1f8c236713,0,0
rq2_e_r0p3_s60_l_jev_1_13_0,dp_r0p3_s60_u5,c2-runs/cluster-a,7e2268c1a756673a6367beb2cdd759c51568fa35d30233b7f379ee2d9e943221,cedceadda17392c90587fb9400eb9b1f8c236713,cedceadda17392c90587fb9400eb9b1f8c236713,0,0
rq2_e_r0p3_s60_l_qwen3_5_4b_json,dp_r0p3_s60_u5,c2-runs/cluster-a,7e2268c1a756673a6367beb2cdd759c51568fa35d30233b7f379ee2d9e943221,cedceadda17392c90587fb9400eb9b1f8c236713,cedceadda17392c90587fb9400eb9b1f8c236713,0,0
rq2_e_r0p3_s60_l_qwen3_8_flash,dp_r0p3_s60_u5,c2-runs/cluster-a,7e2268c1a756673a6367beb2cdd759c51568fa35d30233b7f379ee2d9e943221,cedceadda17392c90587fb9400eb9b1f8c236713,cedceadda17392c90587fb9400eb9b1f8c236713,0,0
rq2_e_r0p3_s60_l_semif_qwen3_5_4b,dp_r0p3_s60_u5,c2-runs/cluster-a,7e2268c1a756673a6367beb2cdd759c51568fa35d30233b7f379ee2d9e943221,cedceadda17392c90587fb9400eb9b1f8c236713,cedceadda17392c90587fb9400eb9b1f8c236713,0,0
rq2_e_r0p3_s60_no_update,dp_r0p3_s60_u5,c2-runs/cluster-a,7e2268c1a756673a6367beb2cdd759c51568fa35d30233b7f379ee2d9e943221,cedceadda17392c90587fb9400eb9b1f8c236713,cedceadda17392c90587fb9400eb9b1f8c236713,0,0
rq2_e_r0p3_s60_oracle,dp_r0p3_s60_u5,c2-runs/cluster-a-d7,025d3dc420e0e9b33984a06d6fc96ce1353e6c243763d0274503e536a03edf7d,cedceadda17392c90587fb9400eb9b1f8c236713,cedceadda17392c90587fb9400eb9b1f8c236713,0,0
rq2_e_r1_s120_fixed_0_1,dp_r1_s120_u5,c2-runs/l40,a59ba72a0949acce9efa0f0009fc33164e7f6f2c2ed75aa91e3a32e096322a5f,cedceadda17392c90587fb9400eb9b1f8c236713,cedceadda17392c90587fb9400eb9b1f8c236713,0,0
rq2_e_r1_s120_fixed_1,dp_r1_s120_u5,c2-runs/l40,a59ba72a0949acce9efa0f0009fc33164e7f6f2c2ed75aa91e3a32e096322a5f,cedceadda17392c90587fb9400eb9b1f8c236713,cedceadda17392c90587fb9400eb9b1f8c236713,0,0
rq2_e_r1_s120_fixed_5,dp_r1_s120_u5,c2-runs/l40,a59ba72a0949acce9efa0f0009fc33164e7f6f2c2ed75aa91e3a32e096322a5f,cedceadda17392c90587fb9400eb9b1f8c236713,cedceadda17392c90587fb9400eb9b1f8c236713,0,0
rq2_e_r1_s120_l_anyjev_l0,dp_r1_s120_u5,c2-runs/l40,a59ba72a0949acce9efa0f0009fc33164e7f6f2c2ed75aa91e3a32e096322a5f,cedceadda17392c90587fb9400eb9b1f8c236713,cedceadda17392c90587fb9400eb9b1f8c236713,0,0
rq2_e_r1_s120_l_deepseek_v4_1_flash,dp_r1_s120_u5,c2-runs/l40,a59ba72a0949acce9efa0f0009fc33164e7f6f2c2ed75aa91e3a32e096322a5f,cedceadda17392c90587fb9400eb9b1f8c236713,cedceadda17392c90587fb9400eb9b1f8c236713,0,0
rq2_e_r1_s120_l_glm_5_3_flash,dp_r1_s120_u5,c2-runs/l40,a59ba72a0949acce9efa0f0009fc33164e7f6f2c2ed75aa91e3a32e096322a5f,cedceadda17392c90587fb9400eb9b1f8c236713,cedceadda17392c90587fb9400eb9b1f8c236713,0,0
rq2_e_r1_s120_l_jev_1_13_0,dp_r1_s120_u5,c2-runs/l40,a59ba72a0949acce9efa0f0009fc33164e7f6f2c2ed75aa91e3a32e096322a5f,cedceadda17392c90587fb9400eb9b1f8c236713,cedceadda17392c90587fb9400eb9b1f8c236713,0,0
rq2_e_r1_s120_l_qwen3_5_4b_json,dp_r1_s120_u5,c2-runs/l40,a59ba72a0949acce9efa0f0009fc33164e7f6f2c2ed75aa91e3a32e096322a5f,cedceadda17392c90587fb9400eb9b1f8c236713,cedceadda17392c90587fb9400eb9b1f8c236713,0,0
rq2_e_r1_s120_l_qwen3_8_flash,dp_r1_s120_u5,c2-runs/l40,a59ba72a0949acce9efa0f0009fc33164e7f6f2c2ed75aa91e3a32e096322a5f,cedceadda17392c90587fb9400eb9b1f8c236713,cedceadda17392c90587fb9400eb9b1f8c236713,0,0
rq2_e_r1_s120_l_semif_qwen3_5_4b,dp_r1_s120_u5,c2-runs/l40,a59ba72a0949acce9efa0f0009fc33164e7f6f2c2ed75aa91e3a32e096322a5f,cedceadda17392c90587fb9400eb9b1f8c236713,cedceadda17392c90587fb9400eb9b1f8c236713,0,0
rq2_e_r1_s120_no_update,dp_r1_s120_u5,c2-runs/l40,a59ba72a0949acce9efa0f0009fc33164e7f6f2c2ed75aa91e3a32e096322a5f,cedceadda17392c90587fb9400eb9b1f8c236713,cedceadda17392c90587fb9400eb9b1f8c236713,0,0
rq2_e_r1_s120_oracle,dp_r1_s120_u5,c2-runs/l40,a59ba72a0949acce9efa0f0009fc33164e7f6f2c2ed75aa91e3a32e096322a5f,cedceadda17392c90587fb9400eb9b1f8c236713,cedceadda17392c90587fb9400eb9b1f8c236713,0,0
rq2_e_r1_s3_fixed_0_1,dp_r1_s3_u5,c2-runs/m4,70abfed6ed24fb6493a4180ae54bc7f1cc33b4dedb426eb809bc4bee6de35106,cedceadda17392c90587fb9400eb9b1f8c236713,cedceadda17392c90587fb9400eb9b1f8c236713,0,0
rq2_e_r1_s3_fixed_1,dp_r1_s3_u5,c2-runs/m4,70abfed6ed24fb6493a4180ae54bc7f1cc33b4dedb426eb809bc4bee6de35106,cedceadda17392c90587fb9400eb9b1f8c236713,cedceadda17392c90587fb9400eb9b1f8c236713,0,0
rq2_e_r1_s3_fixed_5,dp_r1_s3_u5,c2-runs/m4,70abfed6ed24fb6493a4180ae54bc7f1cc33b4dedb426eb809bc4bee6de35106,cedceadda17392c90587fb9400eb9b1f8c236713,cedceadda17392c90587fb9400eb9b1f8c236713,0,0
rq2_e_r1_s3_l_anyjev_l0,dp_r1_s3_u5,c2-runs/m4,70abfed6ed24fb6493a4180ae54bc7f1cc33b4dedb426eb809bc4bee6de35106,cedceadda17392c90587fb9400eb9b1f8c236713,cedceadda17392c90587fb9400eb9b1f8c236713,0,0
rq2_e_r1_s3_l_deepseek_v4_1_flash,dp_r1_s3_u5,c2-runs/m4,70abfed6ed24fb6493a4180ae54bc7f1cc33b4dedb426eb809bc4bee6de35106,cedceadda17392c90587fb9400eb9b1f8c236713,cedceadda17392c90587fb9400eb9b1f8c236713,0,0
rq2_e_r1_s3_l_glm_5_3_flash,dp_r1_s3_u5,c2-runs/m4,70abfed6ed24fb6493a4180ae54bc7f1cc33b4dedb426eb809bc4bee6de35106,cedceadda17392c90587fb9400eb9b1f8c236713,cedceadda17392c90587fb9400eb9b1f8c236713,0,0
rq2_e_r1_s3_l_jev_1_13_0,dp_r1_s3_u5,c2-runs/m4,70abfed6ed24fb6493a4180ae54bc7f1cc33b4dedb426eb809bc4bee6de35106,cedceadda17392c90587fb9400eb9b1f8c236713,cedceadda17392c90587fb9400eb9b1f8c236713,0,0
rq2_e_r1_s3_l_qwen3_5_4b_json,dp_r1_s3_u5,c2-runs/m4,70abfed6ed24fb6493a4180ae54bc7f1cc33b4dedb426eb809bc4bee6de35106,cedceadda17392c90587fb9400eb9b1f8c236713,cedceadda17392c90587fb9400eb9b1f8c236713,0,0
rq2_e_r1_s3_l_qwen3_8_flash,dp_r1_s3_u5,c2-runs/m4,70abfed6ed24fb6493a4180ae54bc7f1cc33b4dedb426eb809bc4bee6de35106,cedceadda17392c90587fb9400eb9b1f8c236713,cedceadda17392c90587fb9400eb9b1f8c236713,0,0
rq2_e_r1_s3_l_semif_qwen3_5_4b,dp_r1_s3_u5,c2-runs/m4,70abfed6ed24fb6493a4180ae54bc7f1cc33b4dedb426eb809bc4bee6de35106,cedceadda17392c90587fb9400eb9b1f8c236713,cedceadda17392c90587fb9400eb9b1f8c236713,0,0
rq2_e_r1_s3_no_update,dp_r1_s3_u5,c2-runs/m4,70abfed6ed24fb6493a4180ae54bc7f1cc33b4dedb426eb809bc4bee6de35106,cedceadda17392c90587fb9400eb9b1f8c236713,cedceadda17392c90587fb9400eb9b1f8c236713,0,0
rq2_e_r1_s3_oracle,dp_r1_s3_u5,c2-runs/m4,70abfed6ed24fb6493a4180ae54bc7f1cc33b4dedb426eb809bc4bee6de35106,cedceadda17392c90587fb9400eb9b1f8c236713,cedceadda17392c90587fb9400eb9b1f8c236713,0,0
rq2_e_r1_s60_fixed_0_1,dp_r1_s60_u5,c2-runs/m4,70abfed6ed24fb6493a4180ae54bc7f1cc33b4dedb426eb809bc4bee6de35106,cedceadda17392c90587fb9400eb9b1f8c236713,cedceadda17392c90587fb9400eb9b1f8c236713,0,0
rq2_e_r1_s60_fixed_1,dp_r1_s60_u5,c2-runs/m4,70abfed6ed24fb6493a4180ae54bc7f1cc33b4dedb426eb809bc4bee6de35106,cedceadda17392c90587fb9400eb9b1f8c236713,cedceadda17392c90587fb9400eb9b1f8c236713,0,0
rq2_e_r1_s60_fixed_5,dp_r1_s60_u5,c2-runs/m4,70abfed6ed24fb6493a4180ae54bc7f1cc33b4dedb426eb809bc4bee6de35106,cedceadda17392c90587fb9400eb9b1f8c236713,cedceadda17392c90587fb9400eb9b1f8c236713,0,0
rq2_e_r1_s60_l_anyjev_l0,dp_r1_s60_u5,c2-runs/m4,70abfed6ed24fb6493a4180ae54bc7f1cc33b4dedb426eb809bc4bee6de35106,cedceadda17392c90587fb9400eb9b1f8c236713,cedceadda17392c90587fb9400eb9b1f8c236713,0,0
rq2_e_r1_s60_l_deepseek_v4_1_flash,dp_r1_s60_u5,c2-runs/m4,70abfed6ed24fb6493a4180ae54bc7f1cc33b4dedb426eb809bc4bee6de35106,cedceadda17392c90587fb9400eb9b1f8c236713,cedceadda17392c90587fb9400eb9b1f8c236713,0,0
rq2_e_r1_s60_l_glm_5_3_flash,dp_r1_s60_u5,c2-runs/m4,70abfed6ed24fb6493a4180ae54bc7f1cc33b4dedb426eb809bc4bee6de35106,cedceadda17392c90587fb9400eb9b1f8c236713,cedceadda17392c90587fb9400eb9b1f8c236713,0,0
rq2_e_r1_s60_l_jev_1_13_0,dp_r1_s60_u5,c2-runs/m4,70abfed6ed24fb6493a4180ae54bc7f1cc33b4dedb426eb809bc4bee6de35106,cedceadda17392c90587fb9400eb9b1f8c236713,cedceadda17392c90587fb9400eb9b1f8c236713,0,0
rq2_e_r1_s60_l_qwen3_5_4b_json,dp_r1_s60_u5,c2-runs/m4,70abfed6ed24fb6493a4180ae54bc7f1cc33b4dedb426eb809bc4bee6de35106,cedceadda17392c90587fb9400eb9b1f8c236713,cedceadda17392c90587fb9400eb9b1f8c236713,0,0
rq2_e_r1_s60_l_qwen3_8_flash,dp_r1_s60_u5,c2-runs/m4,70abfed6ed24fb6493a4180ae54bc7f1cc33b4dedb426eb809bc4bee6de35106,cedceadda17392c90587fb9400eb9b1f8c236713,cedceadda17392c90587fb9400eb9b1f8c236713,0,0
rq2_e_r1_s60_l_semif_qwen3_5_4b,dp_r1_s60_u5,c2-runs/m4,70abfed6ed24fb6493a4180ae54bc7f1cc33b4dedb426eb809bc4bee6de35106,cedceadda17392c90587fb9400eb9b1f8c236713,cedceadda17392c90587fb9400eb9b1f8c236713,0,0
rq2_e_r1_s60_no_update,dp_r1_s60_u5,c2-runs/m4,70abfed6ed24fb6493a4180ae54bc7f1cc33b4dedb426eb809bc4bee6de35106,cedceadda17392c90587fb9400eb9b1f8c236713,cedceadda17392c90587fb9400eb9b1f8c236713,0,0
rq2_e_r1_s60_oracle,dp_r1_s60_u5,c2-runs/m4,70abfed6ed24fb6493a4180ae54bc7f1cc33b4dedb426eb809bc4bee6de35106,cedceadda17392c90587fb9400eb9b1f8c236713,cedceadda17392c90587fb9400eb9b1f8c236713,0,0
rq1_p_10_r0p3_s30_l_anyjev_l0,dp_r0p3_s30_u5,c2-runs/cluster-a,7e2268c1a756673a6367beb2cdd759c51568fa35d30233b7f379ee2d9e943221,cedceadda17392c90587fb9400eb9b1f8c236713,cedceadda17392c90587fb9400eb9b1f8c236713,0,0
rq1_p_10_r0p3_s30_l_deepseek_v4_1_flash,dp_r0p3_s30_u5,c2-runs/cluster-a,7e2268c1a756673a6367beb2cdd759c51568fa35d30233b7f379ee2d9e943221,cedceadda17392c90587fb9400eb9b1f8c236713,cedceadda17392c90587fb9400eb9b1f8c236713,0,0
rq1_p_10_r0p3_s30_l_glm_5_3_flash,dp_r0p3_s30_u5,c2-runs/cluster-a,7e2268c1a756673a6367beb2cdd759c51568fa35d30233b7f379ee2d9e943221,cedceadda17392c90587fb9400eb9b1f8c236713,cedceadda17392c90587fb9400eb9b1f8c236713,0,0
rq1_p_10_r0p3_s30_l_jev_1_13_0,dp_r0p3_s30_u5,c2-runs/cluster-a,7e2268c1a756673a6367beb2cdd759c51568fa35d30233b7f379ee2d9e943221,cedceadda17392c90587fb9400eb9b1f8c236713,cedceadda17392c90587fb9400eb9b1f8c236713,0,0
rq1_p_10_r0p3_s30_l_qwen3_5_4b_json,dp_r0p3_s30_u5,c2-runs/cluster-a,7e2268c1a756673a6367beb2cdd759c51568fa35d30233b7f379ee2d9e943221,cedceadda17392c90587fb9400eb9b1f8c236713,cedceadda17392c90587fb9400eb9b1f8c236713,0,0
rq1_p_10_r0p3_s30_l_qwen3_8_flash,dp_r0p3_s30_u5,c2-runs/cluster-a,7e2268c1a756673a6367beb2cdd759c51568fa35d30233b7f379ee2d9e943221,cedceadda17392c90587fb9400eb9b1f8c236713,cedceadda17392c90587fb9400eb9b1f8c236713,0,0
rq1_p_10_r0p3_s30_l_semif_qwen3_5_4b,dp_r0p3_s30_u5,c2-runs/cluster-a,7e2268c1a756673a6367beb2cdd759c51568fa35d30233b7f379ee2d9e943221,cedceadda17392c90587fb9400eb9b1f8c236713,cedceadda17392c90587fb9400eb9b1f8c236713,0,0
rq1_p_1_r0p3_s30_l_anyjev_l0,dp_r0p3_s30_u5,c2-runs/cluster-a,7e2268c1a756673a6367beb2cdd759c51568fa35d30233b7f379ee2d9e943221,cedceadda17392c90587fb9400eb9b1f8c236713,cedceadda17392c90587fb9400eb9b1f8c236713,0,0
rq1_p_1_r0p3_s30_l_deepseek_v4_1_flash,dp_r0p3_s30_u5,c2-runs/cluster-a,7e2268c1a756673a6367beb2cdd759c51568fa35d30233b7f379ee2d9e943221,cedceadda17392c90587fb9400eb9b1f8c236713,cedceadda17392c90587fb9400eb9b1f8c236713,0,0
rq1_p_1_r0p3_s30_l_glm_5_3_flash,dp_r0p3_s30_u5,c2-runs/cluster-a,7e2268c1a756673a6367beb2cdd759c51568fa35d30233b7f379ee2d9e943221,cedceadda17392c90587fb9400eb9b1f8c236713,cedceadda17392c90587fb9400eb9b1f8c236713,0,0
rq1_p_1_r0p3_s30_l_jev_1_13_0,dp_r0p3_s30_u5,c2-runs/cluster-a,7e2268c1a756673a6367beb2cdd759c51568fa35d30233b7f379ee2d9e943221,cedceadda17392c90587fb9400eb9b1f8c236713,cedceadda17392c90587fb9400eb9b1f8c236713,0,0
rq1_p_1_r0p3_s30_l_qwen3_5_4b_json,dp_r0p3_s30_u5,c2-runs/cluster-a,7e2268c1a756673a6367beb2cdd759c51568fa35d30233b7f379ee2d9e943221,cedceadda17392c90587fb9400eb9b1f8c236713,cedceadda17392c90587fb9400eb9b1f8c236713,0,0
rq1_p_1_r0p3_s30_l_qwen3_8_flash,dp_r0p3_s30_u5,c2-runs/cluster-a,7e2268c1a756673a6367beb2cdd759c51568fa35d30233b7f379ee2d9e943221,cedceadda17392c90587fb9400eb9b1f8c236713,cedceadda17392c90587fb9400eb9b1f8c236713,0,0
rq1_p_1_r0p3_s30_l_semif_qwen3_5_4b,dp_r0p3_s30_u5,c2-runs/cluster-a,7e2268c1a756673a6367beb2cdd759c51568fa35d30233b7f379ee2d9e943221,cedceadda17392c90587fb9400eb9b1f8c236713,cedceadda17392c90587fb9400eb9b1f8c236713,0,0
rq2_e_r0p1_s120_a_anyjev_l0,dp_r0p1_s120_u5,c2-runs/m4-d7b,32976335767682d2351eee8a57f07c8b591f7a5e36327c61cda874538c012bbd,cedceadda17392c90587fb9400eb9b1f8c236713,cedceadda17392c90587fb9400eb9b1f8c236713 + D-7 patched branch observed,1,0
rq2_e_r0p1_s120_a_deepseek_v4_1_flash,dp_r0p1_s120_u5,c2-runs/cluster-b,bd1738b03a98303a92eaefef2ba862ef02d4964544760170fe8d6ca125818c45,cedceadda17392c90587fb9400eb9b1f8c236713,cedceadda17392c90587fb9400eb9b1f8c236713,0,0
rq2_e_r0p1_s120_a_glm_5_3_flash,dp_r0p1_s120_u5,c2-runs/cluster-b,bd1738b03a98303a92eaefef2ba862ef02d4964544760170fe8d6ca125818c45,cedceadda17392c90587fb9400eb9b1f8c236713,cedceadda17392c90587fb9400eb9b1f8c236713,0,0
rq2_e_r0p1_s120_a_jev_1_13_0,dp_r0p1_s120_u5,c2-runs/cluster-b,bd1738b03a98303a92eaefef2ba862ef02d4964544760170fe8d6ca125818c45,cedceadda17392c90587fb9400eb9b1f8c236713,cedceadda17392c90587fb9400eb9b1f8c236713,0,0
rq2_e_r0p1_s120_a_qwen3_5_4b_json,dp_r0p1_s120_u5,c2-runs/cluster-b,bd1738b03a98303a92eaefef2ba862ef02d4964544760170fe8d6ca125818c45,cedceadda17392c90587fb9400eb9b1f8c236713,cedceadda17392c90587fb9400eb9b1f8c236713,0,0
rq2_e_r0p1_s120_a_qwen3_8_flash,dp_r0p1_s120_u5,c2-runs/cluster-b,bd1738b03a98303a92eaefef2ba862ef02d4964544760170fe8d6ca125818c45,cedceadda17392c90587fb9400eb9b1f8c236713,cedceadda17392c90587fb9400eb9b1f8c236713,0,0
rq2_e_r0p1_s120_a_semif_qwen3_5_4b,dp_r0p1_s120_u5,c2-runs/cluster-b,bd1738b03a98303a92eaefef2ba862ef02d4964544760170fe8d6ca125818c45,cedceadda17392c90587fb9400eb9b1f8c236713,cedceadda17392c90587fb9400eb9b1f8c236713,0,0
rq2_e_r0p1_s120_n_anyjev_l0,dp_r0p1_s120_u5,c2-runs/m4-d7b,32976335767682d2351eee8a57f07c8b591f7a5e36327c61cda874538c012bbd,cedceadda17392c90587fb9400eb9b1f8c236713,cedceadda17392c90587fb9400eb9b1f8c236713,0,0
rq2_e_r0p1_s120_n_deepseek_v4_1_flash,dp_r0p1_s120_u5,c2-runs/cluster-b,bd1738b03a98303a92eaefef2ba862ef02d4964544760170fe8d6ca125818c45,cedceadda17392c90587fb9400eb9b1f8c236713,cedceadda17392c90587fb9400eb9b1f8c236713,0,0
rq2_e_r0p1_s120_n_glm_5_3_flash,dp_r0p1_s120_u5,c2-runs/cluster-b,bd1738b03a98303a92eaefef2ba862ef02d4964544760170fe8d6ca125818c45,cedceadda17392c90587fb9400eb9b1f8c236713,cedceadda17392c90587fb9400eb9b1f8c236713,0,0
rq2_e_r0p1_s120_n_jev_1_13_0,dp_r0p1_s120_u5,c2-runs/cluster-b,bd1738b03a98303a92eaefef2ba862ef02d4964544760170fe8d6ca125818c45,cedceadda17392c90587fb9400eb9b1f8c236713,cedceadda17392c90587fb9400eb9b1f8c236713,0,0
rq2_e_r0p1_s120_n_qwen3_5_4b_json,dp_r0p1_s120_u5,c2-runs/m4-d7b,32976335767682d2351eee8a57f07c8b591f7a5e36327c61cda874538c012bbd,cedceadda17392c90587fb9400eb9b1f8c236713,cedceadda17392c90587fb9400eb9b1f8c236713,0,0
rq2_e_r0p1_s120_n_qwen3_8_flash,dp_r0p1_s120_u5,c2-runs/cluster-b,bd1738b03a98303a92eaefef2ba862ef02d4964544760170fe8d6ca125818c45,cedceadda17392c90587fb9400eb9b1f8c236713,cedceadda17392c90587fb9400eb9b1f8c236713,0,0
rq2_e_r0p1_s120_n_semif_qwen3_5_4b,dp_r0p1_s120_u5,c2-runs/m4-d7b,32976335767682d2351eee8a57f07c8b591f7a5e36327c61cda874538c012bbd,cedceadda17392c90587fb9400eb9b1f8c236713,cedceadda17392c90587fb9400eb9b1f8c236713 + D-7 patched branch observed,1,0
rq2_e_r0p1_s3_a_anyjev_l0,dp_r0p1_s3_u5,c2-runs/cluster-b,bd1738b03a98303a92eaefef2ba862ef02d4964544760170fe8d6ca125818c45,cedceadda17392c90587fb9400eb9b1f8c236713,cedceadda17392c90587fb9400eb9b1f8c236713,0,0
rq2_e_r0p1_s3_a_deepseek_v4_1_flash,dp_r0p1_s3_u5,c2-runs/cluster-b,bd1738b03a98303a92eaefef2ba862ef02d4964544760170fe8d6ca125818c45,cedceadda17392c90587fb9400eb9b1f8c236713,cedceadda17392c90587fb9400eb9b1f8c236713,0,0
rq2_e_r0p1_s3_a_glm_5_3_flash,dp_r0p1_s3_u5,c2-runs/cluster-b,bd1738b03a98303a92eaefef2ba862ef02d4964544760170fe8d6ca125818c45,cedceadda17392c90587fb9400eb9b1f8c236713,cedceadda17392c90587fb9400eb9b1f8c236713,0,0
rq2_e_r0p1_s3_a_jev_1_13_0,dp_r0p1_s3_u5,c2-runs/cluster-b,bd1738b03a98303a92eaefef2ba862ef02d4964544760170fe8d6ca125818c45,cedceadda17392c90587fb9400eb9b1f8c236713,cedceadda17392c90587fb9400eb9b1f8c236713,0,0
rq2_e_r0p1_s3_a_qwen3_5_4b_json,dp_r0p1_s3_u5,c2-runs/cluster-b,bd1738b03a98303a92eaefef2ba862ef02d4964544760170fe8d6ca125818c45,cedceadda17392c90587fb9400eb9b1f8c236713,cedceadda17392c90587fb9400eb9b1f8c236713,0,0
rq2_e_r0p1_s3_a_qwen3_8_flash,dp_r0p1_s3_u5,c2-runs/cluster-b,bd1738b03a98303a92eaefef2ba862ef02d4964544760170fe8d6ca125818c45,cedceadda17392c90587fb9400eb9b1f8c236713,cedceadda17392c90587fb9400eb9b1f8c236713,0,0
rq2_e_r0p1_s3_a_semif_qwen3_5_4b,dp_r0p1_s3_u5,c2-runs/cluster-b,bd1738b03a98303a92eaefef2ba862ef02d4964544760170fe8d6ca125818c45,cedceadda17392c90587fb9400eb9b1f8c236713,cedceadda17392c90587fb9400eb9b1f8c236713,0,0
rq2_e_r0p1_s3_n_anyjev_l0,dp_r0p1_s3_u5,c2-runs/cluster-b,bd1738b03a98303a92eaefef2ba862ef02d4964544760170fe8d6ca125818c45,cedceadda17392c90587fb9400eb9b1f8c236713,cedceadda17392c90587fb9400eb9b1f8c236713,0,0
rq2_e_r0p1_s3_n_deepseek_v4_1_flash,dp_r0p1_s3_u5,c2-runs/cluster-b,bd1738b03a98303a92eaefef2ba862ef02d4964544760170fe8d6ca125818c45,cedceadda17392c90587fb9400eb9b1f8c236713,cedceadda17392c90587fb9400eb9b1f8c236713,0,0
rq2_e_r0p1_s3_n_glm_5_3_flash,dp_r0p1_s3_u5,c2-runs/cluster-b,bd1738b03a98303a92eaefef2ba862ef02d4964544760170fe8d6ca125818c45,cedceadda17392c90587fb9400eb9b1f8c236713,cedceadda17392c90587fb9400eb9b1f8c236713,0,0
rq2_e_r0p1_s3_n_jev_1_13_0,dp_r0p1_s3_u5,c2-runs/cluster-b,bd1738b03a98303a92eaefef2ba862ef02d4964544760170fe8d6ca125818c45,cedceadda17392c90587fb9400eb9b1f8c236713,cedceadda17392c90587fb9400eb9b1f8c236713,0,0
rq2_e_r0p1_s3_n_qwen3_5_4b_json,dp_r0p1_s3_u5,c2-runs/cluster-b,bd1738b03a98303a92eaefef2ba862ef02d4964544760170fe8d6ca125818c45,cedceadda17392c90587fb9400eb9b1f8c236713,cedceadda17392c90587fb9400eb9b1f8c236713,0,0
rq2_e_r0p1_s3_n_qwen3_8_flash,dp_r0p1_s3_u5,c2-runs/cluster-b,bd1738b03a98303a92eaefef2ba862ef02d4964544760170fe8d6ca125818c45,cedceadda17392c90587fb9400eb9b1f8c236713,cedceadda17392c90587fb9400eb9b1f8c236713,0,0
rq2_e_r0p1_s3_n_semif_qwen3_5_4b,dp_r0p1_s3_u5,c2-runs/cluster-b,bd1738b03a98303a92eaefef2ba862ef02d4964544760170fe8d6ca125818c45,cedceadda17392c90587fb9400eb9b1f8c236713,cedceadda17392c90587fb9400eb9b1f8c236713,0,0
rq2_e_r0p1_s60_a_anyjev_l0,dp_r0p1_s60_u5,c2-runs/cluster-b,bd1738b03a98303a92eaefef2ba862ef02d4964544760170fe8d6ca125818c45,cedceadda17392c90587fb9400eb9b1f8c236713,cedceadda17392c90587fb9400eb9b1f8c236713,0,0
rq2_e_r0p1_s60_a_deepseek_v4_1_flash,dp_r0p1_s60_u5,c2-runs/cluster-b,bd1738b03a98303a92eaefef2ba862ef02d4964544760170fe8d6ca125818c45,cedceadda17392c90587fb9400eb9b1f8c236713,cedceadda17392c90587fb9400eb9b1f8c236713,0,0
rq2_e_r0p1_s60_a_glm_5_3_flash,dp_r0p1_s60_u5,c2-runs/cluster-b,bd1738b03a98303a92eaefef2ba862ef02d4964544760170fe8d6ca125818c45,cedceadda17392c90587fb9400eb9b1f8c236713,cedceadda17392c90587fb9400eb9b1f8c236713,0,0
rq2_e_r0p1_s60_a_jev_1_13_0,dp_r0p1_s60_u5,c2-runs/cluster-b,bd1738b03a98303a92eaefef2ba862ef02d4964544760170fe8d6ca125818c45,cedceadda17392c90587fb9400eb9b1f8c236713,cedceadda17392c90587fb9400eb9b1f8c236713,0,0
rq2_e_r0p1_s60_a_qwen3_5_4b_json,dp_r0p1_s60_u5,c2-runs/cluster-b,bd1738b03a98303a92eaefef2ba862ef02d4964544760170fe8d6ca125818c45,cedceadda17392c90587fb9400eb9b1f8c236713,cedceadda17392c90587fb9400eb9b1f8c236713,0,0
rq2_e_r0p1_s60_a_qwen3_8_flash,dp_r0p1_s60_u5,c2-runs/cluster-b,bd1738b03a98303a92eaefef2ba862ef02d4964544760170fe8d6ca125818c45,cedceadda17392c90587fb9400eb9b1f8c236713,cedceadda17392c90587fb9400eb9b1f8c236713,0,0
rq2_e_r0p1_s60_a_semif_qwen3_5_4b,dp_r0p1_s60_u5,c2-runs/cluster-b,bd1738b03a98303a92eaefef2ba862ef02d4964544760170fe8d6ca125818c45,cedceadda17392c90587fb9400eb9b1f8c236713,cedceadda17392c90587fb9400eb9b1f8c236713,0,0
rq2_e_r0p1_s60_n_anyjev_l0,dp_r0p1_s60_u5,c2-runs/cluster-b,bd1738b03a98303a92eaefef2ba862ef02d4964544760170fe8d6ca125818c45,cedceadda17392c90587fb9400eb9b1f8c236713,cedceadda17392c90587fb9400eb9b1f8c236713,0,0
rq2_e_r0p1_s60_n_deepseek_v4_1_flash,dp_r0p1_s60_u5,c2-runs/cluster-b,bd1738b03a98303a92eaefef2ba862ef02d4964544760170fe8d6ca125818c45,cedceadda17392c90587fb9400eb9b1f8c236713,cedceadda17392c90587fb9400eb9b1f8c236713,0,0
rq2_e_r0p1_s60_n_glm_5_3_flash,dp_r0p1_s60_u5,c2-runs/cluster-b,bd1738b03a98303a92eaefef2ba862ef02d4964544760170fe8d6ca125818c45,cedceadda17392c90587fb9400eb9b1f8c236713,cedceadda17392c90587fb9400eb9b1f8c236713,0,0
rq2_e_r0p1_s60_n_jev_1_13_0,dp_r0p1_s60_u5,c2-runs/cluster-b-d7,a4b41532ef82b3d34d288186fbb010db850f985a8bd1dfff7d9a7bc58e5712bc,cedceadda17392c90587fb9400eb9b1f8c236713,cedceadda17392c90587fb9400eb9b1f8c236713,0,0
rq2_e_r0p1_s60_n_qwen3_5_4b_json,dp_r0p1_s60_u5,c2-runs/m4-d7b,32976335767682d2351eee8a57f07c8b591f7a5e36327c61cda874538c012bbd,cedceadda17392c90587fb9400eb9b1f8c236713,cedceadda17392c90587fb9400eb9b1f8c236713 + D-7 patched branch observed,2,0
rq2_e_r0p1_s60_n_qwen3_8_flash,dp_r0p1_s60_u5,c2-runs/cluster-b,bd1738b03a98303a92eaefef2ba862ef02d4964544760170fe8d6ca125818c45,cedceadda17392c90587fb9400eb9b1f8c236713,cedceadda17392c90587fb9400eb9b1f8c236713,0,0
rq2_e_r0p1_s60_n_semif_qwen3_5_4b,dp_r0p1_s60_u5,c2-runs/cluster-b,bd1738b03a98303a92eaefef2ba862ef02d4964544760170fe8d6ca125818c45,cedceadda17392c90587fb9400eb9b1f8c236713,cedceadda17392c90587fb9400eb9b1f8c236713,0,0
rq2_e_r0p3_s120_a_anyjev_l0,dp_r0p3_s120_u5,c2-runs/cluster-a,7e2268c1a756673a6367beb2cdd759c51568fa35d30233b7f379ee2d9e943221,cedceadda17392c90587fb9400eb9b1f8c236713,cedceadda17392c90587fb9400eb9b1f8c236713,0,0
rq2_e_r0p3_s120_a_deepseek_v4_1_flash,dp_r0p3_s120_u5,c2-runs/cluster-a,7e2268c1a756673a6367beb2cdd759c51568fa35d30233b7f379ee2d9e943221,cedceadda17392c90587fb9400eb9b1f8c236713,cedceadda17392c90587fb9400eb9b1f8c236713,0,0
rq2_e_r0p3_s120_a_glm_5_3_flash,dp_r0p3_s120_u5,c2-runs/cluster-a,7e2268c1a756673a6367beb2cdd759c51568fa35d30233b7f379ee2d9e943221,cedceadda17392c90587fb9400eb9b1f8c236713,cedceadda17392c90587fb9400eb9b1f8c236713,0,0
rq2_e_r0p3_s120_a_jev_1_13_0,dp_r0p3_s120_u5,c2-runs/cluster-a,7e2268c1a756673a6367beb2cdd759c51568fa35d30233b7f379ee2d9e943221,cedceadda17392c90587fb9400eb9b1f8c236713,cedceadda17392c90587fb9400eb9b1f8c236713,0,0
rq2_e_r0p3_s120_a_qwen3_5_4b_json,dp_r0p3_s120_u5,c2-runs/cluster-a,7e2268c1a756673a6367beb2cdd759c51568fa35d30233b7f379ee2d9e943221,cedceadda17392c90587fb9400eb9b1f8c236713,cedceadda17392c90587fb9400eb9b1f8c236713,0,0
rq2_e_r0p3_s120_a_qwen3_8_flash,dp_r0p3_s120_u5,c2-runs/cluster-a,7e2268c1a756673a6367beb2cdd759c51568fa35d30233b7f379ee2d9e943221,cedceadda17392c90587fb9400eb9b1f8c236713,cedceadda17392c90587fb9400eb9b1f8c236713,0,0
rq2_e_r0p3_s120_a_semif_qwen3_5_4b,dp_r0p3_s120_u5,c2-runs/cluster-a,7e2268c1a756673a6367beb2cdd759c51568fa35d30233b7f379ee2d9e943221,cedceadda17392c90587fb9400eb9b1f8c236713,cedceadda17392c90587fb9400eb9b1f8c236713,0,0
rq2_e_r0p3_s120_n_anyjev_l0,dp_r0p3_s120_u5,c2-runs/cluster-a,7e2268c1a756673a6367beb2cdd759c51568fa35d30233b7f379ee2d9e943221,cedceadda17392c90587fb9400eb9b1f8c236713,cedceadda17392c90587fb9400eb9b1f8c236713,0,0
rq2_e_r0p3_s120_n_deepseek_v4_1_flash,dp_r0p3_s120_u5,c2-runs/cluster-a,7e2268c1a756673a6367beb2cdd759c51568fa35d30233b7f379ee2d9e943221,cedceadda17392c90587fb9400eb9b1f8c236713,cedceadda17392c90587fb9400eb9b1f8c236713,0,0
rq2_e_r0p3_s120_n_glm_5_3_flash,dp_r0p3_s120_u5,c2-runs/cluster-a,7e2268c1a756673a6367beb2cdd759c51568fa35d30233b7f379ee2d9e943221,cedceadda17392c90587fb9400eb9b1f8c236713,cedceadda17392c90587fb9400eb9b1f8c236713,0,0
rq2_e_r0p3_s120_n_jev_1_13_0,dp_r0p3_s120_u5,c2-runs/cluster-a,7e2268c1a756673a6367beb2cdd759c51568fa35d30233b7f379ee2d9e943221,cedceadda17392c90587fb9400eb9b1f8c236713,cedceadda17392c90587fb9400eb9b1f8c236713,0,0
rq2_e_r0p3_s120_n_qwen3_5_4b_json,dp_r0p3_s120_u5,c2-runs/cluster-a,7e2268c1a756673a6367beb2cdd759c51568fa35d30233b7f379ee2d9e943221,cedceadda17392c90587fb9400eb9b1f8c236713,cedceadda17392c90587fb9400eb9b1f8c236713,0,0
rq2_e_r0p3_s120_n_qwen3_8_flash,dp_r0p3_s120_u5,c2-runs/cluster-a-d7,025d3dc420e0e9b33984a06d6fc96ce1353e6c243763d0274503e536a03edf7d,cedceadda17392c90587fb9400eb9b1f8c236713,cedceadda17392c90587fb9400eb9b1f8c236713,0,0
rq2_e_r0p3_s120_n_semif_qwen3_5_4b,dp_r0p3_s120_u5,c2-runs/cluster-a,7e2268c1a756673a6367beb2cdd759c51568fa35d30233b7f379ee2d9e943221,cedceadda17392c90587fb9400eb9b1f8c236713,cedceadda17392c90587fb9400eb9b1f8c236713,0,0
rq2_e_r0p3_s30_a_anyjev_l0,dp_r0p3_s30_u5,c2-runs/cluster-a,7e2268c1a756673a6367beb2cdd759c51568fa35d30233b7f379ee2d9e943221,cedceadda17392c90587fb9400eb9b1f8c236713,cedceadda17392c90587fb9400eb9b1f8c236713,0,0
rq2_e_r0p3_s30_a_deepseek_v4_1_flash,dp_r0p3_s30_u5,c2-runs/cluster-a,7e2268c1a756673a6367beb2cdd759c51568fa35d30233b7f379ee2d9e943221,cedceadda17392c90587fb9400eb9b1f8c236713,cedceadda17392c90587fb9400eb9b1f8c236713,0,0
rq2_e_r0p3_s30_a_glm_5_3_flash,dp_r0p3_s30_u5,c2-runs/cluster-a,7e2268c1a756673a6367beb2cdd759c51568fa35d30233b7f379ee2d9e943221,cedceadda17392c90587fb9400eb9b1f8c236713,cedceadda17392c90587fb9400eb9b1f8c236713,0,0
rq2_e_r0p3_s30_a_jev_1_13_0,dp_r0p3_s30_u5,c2-runs/cluster-a,7e2268c1a756673a6367beb2cdd759c51568fa35d30233b7f379ee2d9e943221,cedceadda17392c90587fb9400eb9b1f8c236713,cedceadda17392c90587fb9400eb9b1f8c236713,0,0
rq2_e_r0p3_s30_a_qwen3_5_4b_json,dp_r0p3_s30_u5,c2-runs/cluster-a,7e2268c1a756673a6367beb2cdd759c51568fa35d30233b7f379ee2d9e943221,cedceadda17392c90587fb9400eb9b1f8c236713,cedceadda17392c90587fb9400eb9b1f8c236713,0,0
rq2_e_r0p3_s30_a_qwen3_8_flash,dp_r0p3_s30_u5,c2-runs/cluster-a,7e2268c1a756673a6367beb2cdd759c51568fa35d30233b7f379ee2d9e943221,cedceadda17392c90587fb9400eb9b1f8c236713,cedceadda17392c90587fb9400eb9b1f8c236713,0,0
rq2_e_r0p3_s30_a_semif_qwen3_5_4b,dp_r0p3_s30_u5,c2-runs/cluster-a,7e2268c1a756673a6367beb2cdd759c51568fa35d30233b7f379ee2d9e943221,cedceadda17392c90587fb9400eb9b1f8c236713,cedceadda17392c90587fb9400eb9b1f8c236713,0,0
rq2_e_r0p3_s30_n_anyjev_l0,dp_r0p3_s30_u5,c2-runs/cluster-a,7e2268c1a756673a6367beb2cdd759c51568fa35d30233b7f379ee2d9e943221,cedceadda17392c90587fb9400eb9b1f8c236713,cedceadda17392c90587fb9400eb9b1f8c236713,0,0
rq2_e_r0p3_s30_n_deepseek_v4_1_flash,dp_r0p3_s30_u5,c2-runs/cluster-a,7e2268c1a756673a6367beb2cdd759c51568fa35d30233b7f379ee2d9e943221,cedceadda17392c90587fb9400eb9b1f8c236713,cedceadda17392c90587fb9400eb9b1f8c236713,0,0
rq2_e_r0p3_s30_n_glm_5_3_flash,dp_r0p3_s30_u5,c2-runs/cluster-a,7e2268c1a756673a6367beb2cdd759c51568fa35d30233b7f379ee2d9e943221,cedceadda17392c90587fb9400eb9b1f8c236713,cedceadda17392c90587fb9400eb9b1f8c236713,0,0
rq2_e_r0p3_s30_n_jev_1_13_0,dp_r0p3_s30_u5,c2-runs/cluster-a,7e2268c1a756673a6367beb2cdd759c51568fa35d30233b7f379ee2d9e943221,cedceadda17392c90587fb9400eb9b1f8c236713,cedceadda17392c90587fb9400eb9b1f8c236713,0,0
rq2_e_r0p3_s30_n_qwen3_5_4b_json,dp_r0p3_s30_u5,c2-runs/cluster-a,7e2268c1a756673a6367beb2cdd759c51568fa35d30233b7f379ee2d9e943221,cedceadda17392c90587fb9400eb9b1f8c236713,cedceadda17392c90587fb9400eb9b1f8c236713,0,0
rq2_e_r0p3_s30_n_qwen3_8_flash,dp_r0p3_s30_u5,c2-runs/cluster-a,7e2268c1a756673a6367beb2cdd759c51568fa35d30233b7f379ee2d9e943221,cedceadda17392c90587fb9400eb9b1f8c236713,cedceadda17392c90587fb9400eb9b1f8c236713,0,0
rq2_e_r0p3_s30_n_semif_qwen3_5_4b,dp_r0p3_s30_u5,c2-runs/cluster-a,7e2268c1a756673a6367beb2cdd759c51568fa35d30233b7f379ee2d9e943221,cedceadda17392c90587fb9400eb9b1f8c236713,cedceadda17392c90587fb9400eb9b1f8c236713,0,0
rq2_e_r0p3_s3_a_anyjev_l0,dp_r0p3_s3_u5,c2-runs/l40,a59ba72a0949acce9efa0f0009fc33164e7f6f2c2ed75aa91e3a32e096322a5f,cedceadda17392c90587fb9400eb9b1f8c236713,cedceadda17392c90587fb9400eb9b1f8c236713,0,0
rq2_e_r0p3_s3_a_deepseek_v4_1_flash,dp_r0p3_s3_u5,c2-runs/l40,a59ba72a0949acce9efa0f0009fc33164e7f6f2c2ed75aa91e3a32e096322a5f,cedceadda17392c90587fb9400eb9b1f8c236713,cedceadda17392c90587fb9400eb9b1f8c236713,0,0
rq2_e_r0p3_s3_a_glm_5_3_flash,dp_r0p3_s3_u5,c2-runs/l40,a59ba72a0949acce9efa0f0009fc33164e7f6f2c2ed75aa91e3a32e096322a5f,cedceadda17392c90587fb9400eb9b1f8c236713,cedceadda17392c90587fb9400eb9b1f8c236713,0,0
rq2_e_r0p3_s3_a_jev_1_13_0,dp_r0p3_s3_u5,c2-runs/l40,a59ba72a0949acce9efa0f0009fc33164e7f6f2c2ed75aa91e3a32e096322a5f,cedceadda17392c90587fb9400eb9b1f8c236713,cedceadda17392c90587fb9400eb9b1f8c236713,0,0
rq2_e_r0p3_s3_a_qwen3_5_4b_json,dp_r0p3_s3_u5,c2-runs/l40,a59ba72a0949acce9efa0f0009fc33164e7f6f2c2ed75aa91e3a32e096322a5f,cedceadda17392c90587fb9400eb9b1f8c236713,cedceadda17392c90587fb9400eb9b1f8c236713,0,0
rq2_e_r0p3_s3_a_qwen3_8_flash,dp_r0p3_s3_u5,c2-runs/l40,a59ba72a0949acce9efa0f0009fc33164e7f6f2c2ed75aa91e3a32e096322a5f,cedceadda17392c90587fb9400eb9b1f8c236713,cedceadda17392c90587fb9400eb9b1f8c236713,0,0
rq2_e_r0p3_s3_a_semif_qwen3_5_4b,dp_r0p3_s3_u5,c2-runs/l40,a59ba72a0949acce9efa0f0009fc33164e7f6f2c2ed75aa91e3a32e096322a5f,cedceadda17392c90587fb9400eb9b1f8c236713,cedceadda17392c90587fb9400eb9b1f8c236713,0,0
rq2_e_r0p3_s3_n_anyjev_l0,dp_r0p3_s3_u5,c2-runs/l40,a59ba72a0949acce9efa0f0009fc33164e7f6f2c2ed75aa91e3a32e096322a5f,cedceadda17392c90587fb9400eb9b1f8c236713,cedceadda17392c90587fb9400eb9b1f8c236713,0,0
rq2_e_r0p3_s3_n_deepseek_v4_1_flash,dp_r0p3_s3_u5,c2-runs/l40,a59ba72a0949acce9efa0f0009fc33164e7f6f2c2ed75aa91e3a32e096322a5f,cedceadda17392c90587fb9400eb9b1f8c236713,cedceadda17392c90587fb9400eb9b1f8c236713,0,0
rq2_e_r0p3_s3_n_glm_5_3_flash,dp_r0p3_s3_u5,c2-runs/l40,a59ba72a0949acce9efa0f0009fc33164e7f6f2c2ed75aa91e3a32e096322a5f,cedceadda17392c90587fb9400eb9b1f8c236713,cedceadda17392c90587fb9400eb9b1f8c236713,0,0
rq2_e_r0p3_s3_n_jev_1_13_0,dp_r0p3_s3_u5,c2-runs/l40,a59ba72a0949acce9efa0f0009fc33164e7f6f2c2ed75aa91e3a32e096322a5f,cedceadda17392c90587fb9400eb9b1f8c236713,cedceadda17392c90587fb9400eb9b1f8c236713,0,0
rq2_e_r0p3_s3_n_qwen3_5_4b_json,dp_r0p3_s3_u5,c2-runs/l40,a59ba72a0949acce9efa0f0009fc33164e7f6f2c2ed75aa91e3a32e096322a5f,cedceadda17392c90587fb9400eb9b1f8c236713,cedceadda17392c90587fb9400eb9b1f8c236713,0,0
rq2_e_r0p3_s3_n_qwen3_8_flash,dp_r0p3_s3_u5,c2-runs/l40,a59ba72a0949acce9efa0f0009fc33164e7f6f2c2ed75aa91e3a32e096322a5f,cedceadda17392c90587fb9400eb9b1f8c236713,cedceadda17392c90587fb9400eb9b1f8c236713,0,0
rq2_e_r0p3_s3_n_semif_qwen3_5_4b,dp_r0p3_s3_u5,c2-runs/l40,a59ba72a0949acce9efa0f0009fc33164e7f6f2c2ed75aa91e3a32e096322a5f,cedceadda17392c90587fb9400eb9b1f8c236713,cedceadda17392c90587fb9400eb9b1f8c236713,0,0
rq2_e_r0p3_s60_a_anyjev_l0,dp_r0p3_s60_u5,c2-runs/cluster-a,7e2268c1a756673a6367beb2cdd759c51568fa35d30233b7f379ee2d9e943221,cedceadda17392c90587fb9400eb9b1f8c236713,cedceadda17392c90587fb9400eb9b1f8c236713,0,0
rq2_e_r0p3_s60_a_deepseek_v4_1_flash,dp_r0p3_s60_u5,c2-runs/cluster-a,7e2268c1a756673a6367beb2cdd759c51568fa35d30233b7f379ee2d9e943221,cedceadda17392c90587fb9400eb9b1f8c236713,cedceadda17392c90587fb9400eb9b1f8c236713,0,0
rq2_e_r0p3_s60_a_glm_5_3_flash,dp_r0p3_s60_u5,c2-runs/cluster-a,7e2268c1a756673a6367beb2cdd759c51568fa35d30233b7f379ee2d9e943221,cedceadda17392c90587fb9400eb9b1f8c236713,cedceadda17392c90587fb9400eb9b1f8c236713,0,0
rq2_e_r0p3_s60_a_jev_1_13_0,dp_r0p3_s60_u5,c2-runs/cluster-a,7e2268c1a756673a6367beb2cdd759c51568fa35d30233b7f379ee2d9e943221,cedceadda17392c90587fb9400eb9b1f8c236713,cedceadda17392c90587fb9400eb9b1f8c236713,0,0
rq2_e_r0p3_s60_a_qwen3_5_4b_json,dp_r0p3_s60_u5,c2-runs/cluster-a,7e2268c1a756673a6367beb2cdd759c51568fa35d30233b7f379ee2d9e943221,cedceadda17392c90587fb9400eb9b1f8c236713,cedceadda17392c90587fb9400eb9b1f8c236713,0,0
rq2_e_r0p3_s60_a_qwen3_8_flash,dp_r0p3_s60_u5,c2-runs/cluster-a,7e2268c1a756673a6367beb2cdd759c51568fa35d30233b7f379ee2d9e943221,cedceadda17392c90587fb9400eb9b1f8c236713,cedceadda17392c90587fb9400eb9b1f8c236713,0,0
rq2_e_r0p3_s60_a_semif_qwen3_5_4b,dp_r0p3_s60_u5,c2-runs/cluster-a,7e2268c1a756673a6367beb2cdd759c51568fa35d30233b7f379ee2d9e943221,cedceadda17392c90587fb9400eb9b1f8c236713,cedceadda17392c90587fb9400eb9b1f8c236713,0,0
rq2_e_r0p3_s60_n_anyjev_l0,dp_r0p3_s60_u5,c2-runs/cluster-a,7e2268c1a756673a6367beb2cdd759c51568fa35d30233b7f379ee2d9e943221,cedceadda17392c90587fb9400eb9b1f8c236713,cedceadda17392c90587fb9400eb9b1f8c236713,0,0
rq2_e_r0p3_s60_n_deepseek_v4_1_flash,dp_r0p3_s60_u5,c2-runs/cluster-a,7e2268c1a756673a6367beb2cdd759c51568fa35d30233b7f379ee2d9e943221,cedceadda17392c90587fb9400eb9b1f8c236713,cedceadda17392c90587fb9400eb9b1f8c236713,0,0
rq2_e_r0p3_s60_n_glm_5_3_flash,dp_r0p3_s60_u5,c2-runs/cluster-a,7e2268c1a756673a6367beb2cdd759c51568fa35d30233b7f379ee2d9e943221,cedceadda17392c90587fb9400eb9b1f8c236713,cedceadda17392c90587fb9400eb9b1f8c236713,0,0
rq2_e_r0p3_s60_n_jev_1_13_0,dp_r0p3_s60_u5,c2-runs/cluster-a,7e2268c1a756673a6367beb2cdd759c51568fa35d30233b7f379ee2d9e943221,cedceadda17392c90587fb9400eb9b1f8c236713,cedceadda17392c90587fb9400eb9b1f8c236713,0,0
rq2_e_r0p3_s60_n_qwen3_5_4b_json,dp_r0p3_s60_u5,c2-runs/cluster-a,7e2268c1a756673a6367beb2cdd759c51568fa35d30233b7f379ee2d9e943221,cedceadda17392c90587fb9400eb9b1f8c236713,cedceadda17392c90587fb9400eb9b1f8c236713,0,0
rq2_e_r0p3_s60_n_qwen3_8_flash,dp_r0p3_s60_u5,c2-runs/cluster-a,7e2268c1a756673a6367beb2cdd759c51568fa35d30233b7f379ee2d9e943221,cedceadda17392c90587fb9400eb9b1f8c236713,cedceadda17392c90587fb9400eb9b1f8c236713,0,0
rq2_e_r0p3_s60_n_semif_qwen3_5_4b,dp_r0p3_s60_u5,c2-runs/cluster-a,7e2268c1a756673a6367beb2cdd759c51568fa35d30233b7f379ee2d9e943221,cedceadda17392c90587fb9400eb9b1f8c236713,cedceadda17392c90587fb9400eb9b1f8c236713,0,0
rq2_e_r1_s120_a_anyjev_l0,dp_r1_s120_u5,c2-runs/l40,a59ba72a0949acce9efa0f0009fc33164e7f6f2c2ed75aa91e3a32e096322a5f,cedceadda17392c90587fb9400eb9b1f8c236713,cedceadda17392c90587fb9400eb9b1f8c236713,0,0
rq2_e_r1_s120_a_deepseek_v4_1_flash,dp_r1_s120_u5,c2-runs/l40,a59ba72a0949acce9efa0f0009fc33164e7f6f2c2ed75aa91e3a32e096322a5f,cedceadda17392c90587fb9400eb9b1f8c236713,cedceadda17392c90587fb9400eb9b1f8c236713,0,0
rq2_e_r1_s120_a_glm_5_3_flash,dp_r1_s120_u5,c2-runs/l40,a59ba72a0949acce9efa0f0009fc33164e7f6f2c2ed75aa91e3a32e096322a5f,cedceadda17392c90587fb9400eb9b1f8c236713,cedceadda17392c90587fb9400eb9b1f8c236713,0,0
rq2_e_r1_s120_a_jev_1_13_0,dp_r1_s120_u5,c2-runs/l40,a59ba72a0949acce9efa0f0009fc33164e7f6f2c2ed75aa91e3a32e096322a5f,cedceadda17392c90587fb9400eb9b1f8c236713,cedceadda17392c90587fb9400eb9b1f8c236713,0,0
rq2_e_r1_s120_a_qwen3_5_4b_json,dp_r1_s120_u5,c2-runs/l40,a59ba72a0949acce9efa0f0009fc33164e7f6f2c2ed75aa91e3a32e096322a5f,cedceadda17392c90587fb9400eb9b1f8c236713,cedceadda17392c90587fb9400eb9b1f8c236713,0,0
rq2_e_r1_s120_a_qwen3_8_flash,dp_r1_s120_u5,c2-runs/l40,a59ba72a0949acce9efa0f0009fc33164e7f6f2c2ed75aa91e3a32e096322a5f,cedceadda17392c90587fb9400eb9b1f8c236713,cedceadda17392c90587fb9400eb9b1f8c236713,0,0
rq2_e_r1_s120_a_semif_qwen3_5_4b,dp_r1_s120_u5,c2-runs/l40,a59ba72a0949acce9efa0f0009fc33164e7f6f2c2ed75aa91e3a32e096322a5f,cedceadda17392c90587fb9400eb9b1f8c236713,cedceadda17392c90587fb9400eb9b1f8c236713,0,0
rq2_e_r1_s120_n_anyjev_l0,dp_r1_s120_u5,c2-runs/l40,a59ba72a0949acce9efa0f0009fc33164e7f6f2c2ed75aa91e3a32e096322a5f,cedceadda17392c90587fb9400eb9b1f8c236713,cedceadda17392c90587fb9400eb9b1f8c236713,0,0
rq2_e_r1_s120_n_deepseek_v4_1_flash,dp_r1_s120_u5,c2-runs/l40,a59ba72a0949acce9efa0f0009fc33164e7f6f2c2ed75aa91e3a32e096322a5f,cedceadda17392c90587fb9400eb9b1f8c236713,cedceadda17392c90587fb9400eb9b1f8c236713,0,0
rq2_e_r1_s120_n_glm_5_3_flash,dp_r1_s120_u5,c2-runs/l40,a59ba72a0949acce9efa0f0009fc33164e7f6f2c2ed75aa91e3a32e096322a5f,cedceadda17392c90587fb9400eb9b1f8c236713,cedceadda17392c90587fb9400eb9b1f8c236713,0,0
rq2_e_r1_s120_n_jev_1_13_0,dp_r1_s120_u5,c2-runs/l40,a59ba72a0949acce9efa0f0009fc33164e7f6f2c2ed75aa91e3a32e096322a5f,cedceadda17392c90587fb9400eb9b1f8c236713,cedceadda17392c90587fb9400eb9b1f8c236713,0,0
rq2_e_r1_s120_n_qwen3_5_4b_json,dp_r1_s120_u5,c2-runs/l40,a59ba72a0949acce9efa0f0009fc33164e7f6f2c2ed75aa91e3a32e096322a5f,cedceadda17392c90587fb9400eb9b1f8c236713,cedceadda17392c90587fb9400eb9b1f8c236713,0,0
rq2_e_r1_s120_n_qwen3_8_flash,dp_r1_s120_u5,c2-runs/l40,a59ba72a0949acce9efa0f0009fc33164e7f6f2c2ed75aa91e3a32e096322a5f,cedceadda17392c90587fb9400eb9b1f8c236713,cedceadda17392c90587fb9400eb9b1f8c236713,0,0
rq2_e_r1_s120_n_semif_qwen3_5_4b,dp_r1_s120_u5,c2-runs/l40,a59ba72a0949acce9efa0f0009fc33164e7f6f2c2ed75aa91e3a32e096322a5f,cedceadda17392c90587fb9400eb9b1f8c236713,cedceadda17392c90587fb9400eb9b1f8c236713,0,0
rq2_e_r1_s3_a_anyjev_l0,dp_r1_s3_u5,c2-runs/m4,70abfed6ed24fb6493a4180ae54bc7f1cc33b4dedb426eb809bc4bee6de35106,cedceadda17392c90587fb9400eb9b1f8c236713,cedceadda17392c90587fb9400eb9b1f8c236713,0,0
rq2_e_r1_s3_a_deepseek_v4_1_flash,dp_r1_s3_u5,c2-runs/m4,70abfed6ed24fb6493a4180ae54bc7f1cc33b4dedb426eb809bc4bee6de35106,cedceadda17392c90587fb9400eb9b1f8c236713,cedceadda17392c90587fb9400eb9b1f8c236713,0,0
rq2_e_r1_s3_a_glm_5_3_flash,dp_r1_s3_u5,c2-runs/m4,70abfed6ed24fb6493a4180ae54bc7f1cc33b4dedb426eb809bc4bee6de35106,cedceadda17392c90587fb9400eb9b1f8c236713,cedceadda17392c90587fb9400eb9b1f8c236713,0,0
rq2_e_r1_s3_a_jev_1_13_0,dp_r1_s3_u5,c2-runs/m4,70abfed6ed24fb6493a4180ae54bc7f1cc33b4dedb426eb809bc4bee6de35106,cedceadda17392c90587fb9400eb9b1f8c236713,cedceadda17392c90587fb9400eb9b1f8c236713,0,0
rq2_e_r1_s3_a_qwen3_5_4b_json,dp_r1_s3_u5,c2-runs/m4,70abfed6ed24fb6493a4180ae54bc7f1cc33b4dedb426eb809bc4bee6de35106,cedceadda17392c90587fb9400eb9b1f8c236713,cedceadda17392c90587fb9400eb9b1f8c236713,0,0
rq2_e_r1_s3_a_qwen3_8_flash,dp_r1_s3_u5,c2-runs/m4,70abfed6ed24fb6493a4180ae54bc7f1cc33b4dedb426eb809bc4bee6de35106,cedceadda17392c90587fb9400eb9b1f8c236713,cedceadda17392c90587fb9400eb9b1f8c236713,0,0
rq2_e_r1_s3_a_semif_qwen3_5_4b,dp_r1_s3_u5,c2-runs/m4,70abfed6ed24fb6493a4180ae54bc7f1cc33b4dedb426eb809bc4bee6de35106,cedceadda17392c90587fb9400eb9b1f8c236713,cedceadda17392c90587fb9400eb9b1f8c236713,0,0
rq2_e_r1_s3_n_anyjev_l0,dp_r1_s3_u5,c2-runs/m4,70abfed6ed24fb6493a4180ae54bc7f1cc33b4dedb426eb809bc4bee6de35106,cedceadda17392c90587fb9400eb9b1f8c236713,cedceadda17392c90587fb9400eb9b1f8c236713,0,0
rq2_e_r1_s3_n_deepseek_v4_1_flash,dp_r1_s3_u5,c2-runs/m4,70abfed6ed24fb6493a4180ae54bc7f1cc33b4dedb426eb809bc4bee6de35106,cedceadda17392c90587fb9400eb9b1f8c236713,cedceadda17392c90587fb9400eb9b1f8c236713,0,0
rq2_e_r1_s3_n_glm_5_3_flash,dp_r1_s3_u5,c2-runs/m4,70abfed6ed24fb6493a4180ae54bc7f1cc33b4dedb426eb809bc4bee6de35106,cedceadda17392c90587fb9400eb9b1f8c236713,cedceadda17392c90587fb9400eb9b1f8c236713,0,0
rq2_e_r1_s3_n_jev_1_13_0,dp_r1_s3_u5,c2-runs/m4,70abfed6ed24fb6493a4180ae54bc7f1cc33b4dedb426eb809bc4bee6de35106,cedceadda17392c90587fb9400eb9b1f8c236713,cedceadda17392c90587fb9400eb9b1f8c236713,0,0
rq2_e_r1_s3_n_qwen3_5_4b_json,dp_r1_s3_u5,c2-runs/m4,70abfed6ed24fb6493a4180ae54bc7f1cc33b4dedb426eb809bc4bee6de35106,cedceadda17392c90587fb9400eb9b1f8c236713,cedceadda17392c90587fb9400eb9b1f8c236713,0,0
rq2_e_r1_s3_n_qwen3_8_flash,dp_r1_s3_u5,c2-runs/m4,70abfed6ed24fb6493a4180ae54bc7f1cc33b4dedb426eb809bc4bee6de35106,cedceadda17392c90587fb9400eb9b1f8c236713,cedceadda17392c90587fb9400eb9b1f8c236713,0,0
rq2_e_r1_s3_n_semif_qwen3_5_4b,dp_r1_s3_u5,c2-runs/m4,70abfed6ed24fb6493a4180ae54bc7f1cc33b4dedb426eb809bc4bee6de35106,cedceadda17392c90587fb9400eb9b1f8c236713,cedceadda17392c90587fb9400eb9b1f8c236713,0,0
rq2_e_r1_s60_a_anyjev_l0,dp_r1_s60_u5,c2-runs/m4,70abfed6ed24fb6493a4180ae54bc7f1cc33b4dedb426eb809bc4bee6de35106,cedceadda17392c90587fb9400eb9b1f8c236713,cedceadda17392c90587fb9400eb9b1f8c236713,0,0
rq2_e_r1_s60_a_deepseek_v4_1_flash,dp_r1_s60_u5,c2-runs/m4,70abfed6ed24fb6493a4180ae54bc7f1cc33b4dedb426eb809bc4bee6de35106,cedceadda17392c90587fb9400eb9b1f8c236713,cedceadda17392c90587fb9400eb9b1f8c236713,0,0
rq2_e_r1_s60_a_glm_5_3_flash,dp_r1_s60_u5,c2-runs/m4,70abfed6ed24fb6493a4180ae54bc7f1cc33b4dedb426eb809bc4bee6de35106,cedceadda17392c90587fb9400eb9b1f8c236713,cedceadda17392c90587fb9400eb9b1f8c236713,0,0
rq2_e_r1_s60_a_jev_1_13_0,dp_r1_s60_u5,c2-runs/m4,70abfed6ed24fb6493a4180ae54bc7f1cc33b4dedb426eb809bc4bee6de35106,cedceadda17392c90587fb9400eb9b1f8c236713,cedceadda17392c90587fb9400eb9b1f8c236713,0,0
rq2_e_r1_s60_a_qwen3_5_4b_json,dp_r1_s60_u5,c2-runs/m4,70abfed6ed24fb6493a4180ae54bc7f1cc33b4dedb426eb809bc4bee6de35106,cedceadda17392c90587fb9400eb9b1f8c236713,cedceadda17392c90587fb9400eb9b1f8c236713,0,0
rq2_e_r1_s60_a_qwen3_8_flash,dp_r1_s60_u5,c2-runs/m4,70abfed6ed24fb6493a4180ae54bc7f1cc33b4dedb426eb809bc4bee6de35106,cedceadda17392c90587fb9400eb9b1f8c236713,cedceadda17392c90587fb9400eb9b1f8c236713,0,0
rq2_e_r1_s60_a_semif_qwen3_5_4b,dp_r1_s60_u5,c2-runs/m4,70abfed6ed24fb6493a4180ae54bc7f1cc33b4dedb426eb809bc4bee6de35106,cedceadda17392c90587fb9400eb9b1f8c236713,cedceadda17392c90587fb9400eb9b1f8c236713,0,0
rq2_e_r1_s60_n_anyjev_l0,dp_r1_s60_u5,c2-runs/m4,70abfed6ed24fb6493a4180ae54bc7f1cc33b4dedb426eb809bc4bee6de35106,cedceadda17392c90587fb9400eb9b1f8c236713,cedceadda17392c90587fb9400eb9b1f8c236713,0,0
rq2_e_r1_s60_n_deepseek_v4_1_flash,dp_r1_s60_u5,c2-runs/m4,70abfed6ed24fb6493a4180ae54bc7f1cc33b4dedb426eb809bc4bee6de35106,cedceadda17392c90587fb9400eb9b1f8c236713,cedceadda17392c90587fb9400eb9b1f8c236713,0,0
rq2_e_r1_s60_n_glm_5_3_flash,dp_r1_s60_u5,c2-runs/m4,70abfed6ed24fb6493a4180ae54bc7f1cc33b4dedb426eb809bc4bee6de35106,cedceadda17392c90587fb9400eb9b1f8c236713,cedceadda17392c90587fb9400eb9b1f8c236713,0,0
rq2_e_r1_s60_n_jev_1_13_0,dp_r1_s60_u5,c2-runs/m4,70abfed6ed24fb6493a4180ae54bc7f1cc33b4dedb426eb809bc4bee6de35106,cedceadda17392c90587fb9400eb9b1f8c236713,cedceadda17392c90587fb9400eb9b1f8c236713,0,0
rq2_e_r1_s60_n_qwen3_5_4b_json,dp_r1_s60_u5,c2-runs/m4,70abfed6ed24fb6493a4180ae54bc7f1cc33b4dedb426eb809bc4bee6de35106,cedceadda17392c90587fb9400eb9b1f8c236713,cedceadda17392c90587fb9400eb9b1f8c236713,0,0
rq2_e_r1_s60_n_qwen3_8_flash,dp_r1_s60_u5,c2-runs/m4,70abfed6ed24fb6493a4180ae54bc7f1cc33b4dedb426eb809bc4bee6de35106,cedceadda17392c90587fb9400eb9b1f8c236713,cedceadda17392c90587fb9400eb9b1f8c236713,0,0
rq2_e_r1_s60_n_semif_qwen3_5_4b,dp_r1_s60_u5,c2-runs/m4,70abfed6ed24fb6493a4180ae54bc7f1cc33b4dedb426eb809bc4bee6de35106,cedceadda17392c90587fb9400eb9b1f8c236713,cedceadda17392c90587fb9400eb9b1f8c236713,0,0
rq3_e_r0p1_s30_n_anyjev_l0,dp_rq3_anyjev_l0_r0p1_u5,c2-runs/rq3-d18-m4,32976335767682d2351eee8a57f07c8b591f7a5e36327c61cda874538c012bbd,cedceadda17392c90587fb9400eb9b1f8c236713,cedceadda17392c90587fb9400eb9b1f8c236713,0,0
rq3_e_r0p1_s30_n_deepseek_v4_1_flash,dp_rq3_deepseek_v4_1_flash_r0p1_u5,c2-runs/rq3-d18-m4,32976335767682d2351eee8a57f07c8b591f7a5e36327c61cda874538c012bbd,cedceadda17392c90587fb9400eb9b1f8c236713,cedceadda17392c90587fb9400eb9b1f8c236713,0,0
rq3_e_r0p1_s30_n_glm_5_3_flash,dp_rq3_glm_5_3_flash_r0p1_u5,c2-runs/rq3-d18-m4,32976335767682d2351eee8a57f07c8b591f7a5e36327c61cda874538c012bbd,cedceadda17392c90587fb9400eb9b1f8c236713,cedceadda17392c90587fb9400eb9b1f8c236713,0,0
rq3_e_r0p1_s30_n_jev_1_13_0,dp_rq3_jev_1_13_0_r0p1_u5,c2-runs/rq3-d18-m4,32976335767682d2351eee8a57f07c8b591f7a5e36327c61cda874538c012bbd,cedceadda17392c90587fb9400eb9b1f8c236713,cedceadda17392c90587fb9400eb9b1f8c236713,0,0
rq3_e_r0p1_s30_n_qwen3_5_4b_json,dp_rq3_qwen3_5_4b_json_r0p1_u5,c2-runs/rq3-d18-m4,32976335767682d2351eee8a57f07c8b591f7a5e36327c61cda874538c012bbd,cedceadda17392c90587fb9400eb9b1f8c236713,cedceadda17392c90587fb9400eb9b1f8c236713,0,0
rq3_e_r0p1_s30_n_qwen3_8_flash,dp_rq3_qwen3_8_flash_r0p1_u5,c2-runs/rq3-r0p1-m4-d7b,32976335767682d2351eee8a57f07c8b591f7a5e36327c61cda874538c012bbd,cedceadda17392c90587fb9400eb9b1f8c236713,cedceadda17392c90587fb9400eb9b1f8c236713,0,0
rq3_e_r0p1_s30_n_semif_qwen3_5_4b,dp_rq3_semif_qwen3_5_4b_r0p1_u5,c2-runs/rq3-d18-m4,32976335767682d2351eee8a57f07c8b591f7a5e36327c61cda874538c012bbd,cedceadda17392c90587fb9400eb9b1f8c236713,cedceadda17392c90587fb9400eb9b1f8c236713,0,0
rq3_e_r0p5_s30_n_anyjev_l0,dp_rq3_anyjev_l0_r0p5_u5,c2-runs/cluster-a-rq3-d17,74d32e4687ff8ae9b6f338fe6ec216b063a74875f964776fe6fe9936f779d27f,cedceadda17392c90587fb9400eb9b1f8c236713,cedceadda17392c90587fb9400eb9b1f8c236713,0,0
rq3_e_r0p5_s30_n_deepseek_v4_1_flash,dp_rq3_deepseek_v4_1_flash_r0p5_u5,c2-runs/cluster-a-rq3,7e2268c1a756673a6367beb2cdd759c51568fa35d30233b7f379ee2d9e943221,cedceadda17392c90587fb9400eb9b1f8c236713,cedceadda17392c90587fb9400eb9b1f8c236713,0,0
rq3_e_r0p5_s30_n_glm_5_3_flash,dp_rq3_glm_5_3_flash_r0p5_u5,c2-runs/cluster-a-rq3,7e2268c1a756673a6367beb2cdd759c51568fa35d30233b7f379ee2d9e943221,cedceadda17392c90587fb9400eb9b1f8c236713,cedceadda17392c90587fb9400eb9b1f8c236713,0,0
rq3_e_r0p5_s30_n_jev_1_13_0,dp_rq3_jev_1_13_0_r0p5_u5,c2-runs/cluster-a-rq3,7e2268c1a756673a6367beb2cdd759c51568fa35d30233b7f379ee2d9e943221,cedceadda17392c90587fb9400eb9b1f8c236713,cedceadda17392c90587fb9400eb9b1f8c236713,0,0
rq3_e_r0p5_s30_n_qwen3_5_4b_json,dp_rq3_qwen3_5_4b_json_r0p5_u5,c2-runs/cluster-a-rq3,7e2268c1a756673a6367beb2cdd759c51568fa35d30233b7f379ee2d9e943221,cedceadda17392c90587fb9400eb9b1f8c236713,cedceadda17392c90587fb9400eb9b1f8c236713,0,0
rq3_e_r0p5_s30_n_qwen3_8_flash,dp_rq3_qwen3_8_flash_r0p5_u5,c2-runs/cluster-a-rq3,7e2268c1a756673a6367beb2cdd759c51568fa35d30233b7f379ee2d9e943221,cedceadda17392c90587fb9400eb9b1f8c236713,cedceadda17392c90587fb9400eb9b1f8c236713,0,0
rq3_e_r0p5_s30_n_semif_qwen3_5_4b,dp_rq3_semif_qwen3_5_4b_r0p5_u5,c2-runs/cluster-a-rq3,7e2268c1a756673a6367beb2cdd759c51568fa35d30233b7f379ee2d9e943221,cedceadda17392c90587fb9400eb9b1f8c236713,cedceadda17392c90587fb9400eb9b1f8c236713,0,0
rq3_e_r1_s30_n_anyjev_l0,dp_rq3_anyjev_l0_r1_u5,c2-runs/cluster-a-rq3-d17,74d32e4687ff8ae9b6f338fe6ec216b063a74875f964776fe6fe9936f779d27f,cedceadda17392c90587fb9400eb9b1f8c236713,cedceadda17392c90587fb9400eb9b1f8c236713,0,0
rq3_e_r1_s30_n_deepseek_v4_1_flash,dp_rq3_deepseek_v4_1_flash_r1_u5,c2-runs/cluster-a-rq3,7e2268c1a756673a6367beb2cdd759c51568fa35d30233b7f379ee2d9e943221,cedceadda17392c90587fb9400eb9b1f8c236713,cedceadda17392c90587fb9400eb9b1f8c236713,0,0
rq3_e_r1_s30_n_glm_5_3_flash,dp_rq3_glm_5_3_flash_r1_u5,c2-runs/cluster-a-rq3,7e2268c1a756673a6367beb2cdd759c51568fa35d30233b7f379ee2d9e943221,cedceadda17392c90587fb9400eb9b1f8c236713,cedceadda17392c90587fb9400eb9b1f8c236713,0,0
rq3_e_r1_s30_n_jev_1_13_0,dp_rq3_jev_1_13_0_r1_u5,c2-runs/cluster-a-rq3,7e2268c1a756673a6367beb2cdd759c51568fa35d30233b7f379ee2d9e943221,cedceadda17392c90587fb9400eb9b1f8c236713,cedceadda17392c90587fb9400eb9b1f8c236713,0,0
rq3_e_r1_s30_n_qwen3_5_4b_json,dp_rq3_qwen3_5_4b_json_r1_u5,c2-runs/cluster-a-rq3,7e2268c1a756673a6367beb2cdd759c51568fa35d30233b7f379ee2d9e943221,cedceadda17392c90587fb9400eb9b1f8c236713,cedceadda17392c90587fb9400eb9b1f8c236713,0,0
rq3_e_r1_s30_n_qwen3_8_flash,dp_rq3_qwen3_8_flash_r1_u5,c2-runs/cluster-a-rq3,7e2268c1a756673a6367beb2cdd759c51568fa35d30233b7f379ee2d9e943221,cedceadda17392c90587fb9400eb9b1f8c236713,cedceadda17392c90587fb9400eb9b1f8c236713,0,0
rq3_e_r1_s30_n_semif_qwen3_5_4b,dp_rq3_semif_qwen3_5_4b_r1_u5,c2-runs/cluster-a-rq3,7e2268c1a756673a6367beb2cdd759c51568fa35d30233b7f379ee2d9e943221,cedceadda17392c90587fb9400eb9b1f8c236713,cedceadda17392c90587fb9400eb9b1f8c236713,0,0
rq3_e_r2_s30_n_anyjev_l0,dp_rq3_anyjev_l0_r2_u5,c2-runs/cluster-a-rq3-d17,74d32e4687ff8ae9b6f338fe6ec216b063a74875f964776fe6fe9936f779d27f,cedceadda17392c90587fb9400eb9b1f8c236713,cedceadda17392c90587fb9400eb9b1f8c236713,0,0
rq3_e_r2_s30_n_deepseek_v4_1_flash,dp_rq3_deepseek_v4_1_flash_r2_u5,c2-runs/cluster-a-rq3,7e2268c1a756673a6367beb2cdd759c51568fa35d30233b7f379ee2d9e943221,cedceadda17392c90587fb9400eb9b1f8c236713,cedceadda17392c90587fb9400eb9b1f8c236713,0,0
rq3_e_r2_s30_n_glm_5_3_flash,dp_rq3_glm_5_3_flash_r2_u5,c2-runs/cluster-a-rq3,7e2268c1a756673a6367beb2cdd759c51568fa35d30233b7f379ee2d9e943221,cedceadda17392c90587fb9400eb9b1f8c236713,cedceadda17392c90587fb9400eb9b1f8c236713,0,0
rq3_e_r2_s30_n_jev_1_13_0,dp_rq3_jev_1_13_0_r2_u5,c2-runs/cluster-a-rq3,7e2268c1a756673a6367beb2cdd759c51568fa35d30233b7f379ee2d9e943221,cedceadda17392c90587fb9400eb9b1f8c236713,cedceadda17392c90587fb9400eb9b1f8c236713,0,0
rq3_e_r2_s30_n_qwen3_5_4b_json,dp_rq3_qwen3_5_4b_json_r2_u5,c2-runs/cluster-a-rq3,7e2268c1a756673a6367beb2cdd759c51568fa35d30233b7f379ee2d9e943221,cedceadda17392c90587fb9400eb9b1f8c236713,cedceadda17392c90587fb9400eb9b1f8c236713,0,0
rq3_e_r2_s30_n_qwen3_8_flash,dp_rq3_qwen3_8_flash_r2_u5,c2-runs/cluster-a-rq3,7e2268c1a756673a6367beb2cdd759c51568fa35d30233b7f379ee2d9e943221,cedceadda17392c90587fb9400eb9b1f8c236713,cedceadda17392c90587fb9400eb9b1f8c236713,0,0
rq3_e_r2_s30_n_semif_qwen3_5_4b,dp_rq3_semif_qwen3_5_4b_r2_u5,c2-runs/cluster-a-rq3,7e2268c1a756673a6367beb2cdd759c51568fa35d30233b7f379ee2d9e943221,cedceadda17392c90587fb9400eb9b1f8c236713,cedceadda17392c90587fb9400eb9b1f8c236713,0,0
rq3_scale_e_r1_s30_n_anyjev_l0,dp_rq3_anyjev_l0_r1_u20,c2-runs/cluster-b-rq3-d17,a4b41532ef82b3d34d288186fbb010db850f985a8bd1dfff7d9a7bc58e5712bc,cedceadda17392c90587fb9400eb9b1f8c236713,cedceadda17392c90587fb9400eb9b1f8c236713,0,0
rq3_scale_e_r1_s30_n_deepseek_v4_1_flash,dp_rq3_deepseek_v4_1_flash_r1_u20,c2-runs/cluster-b-rq3,bd1738b03a98303a92eaefef2ba862ef02d4964544760170fe8d6ca125818c45,cedceadda17392c90587fb9400eb9b1f8c236713,cedceadda17392c90587fb9400eb9b1f8c236713,0,0
rq3_scale_e_r1_s30_n_glm_5_3_flash,dp_rq3_glm_5_3_flash_r1_u20,c2-runs/cluster-b-rq3,bd1738b03a98303a92eaefef2ba862ef02d4964544760170fe8d6ca125818c45,cedceadda17392c90587fb9400eb9b1f8c236713,cedceadda17392c90587fb9400eb9b1f8c236713,0,0
rq3_scale_e_r1_s30_n_jev_1_13_0,dp_rq3_jev_1_13_0_r1_u20,c2-runs/cluster-b-rq3,bd1738b03a98303a92eaefef2ba862ef02d4964544760170fe8d6ca125818c45,cedceadda17392c90587fb9400eb9b1f8c236713,cedceadda17392c90587fb9400eb9b1f8c236713,0,0
rq3_scale_e_r1_s30_n_qwen3_5_4b_json,dp_rq3_qwen3_5_4b_json_r1_u20,c2-runs/cluster-b-rq3,bd1738b03a98303a92eaefef2ba862ef02d4964544760170fe8d6ca125818c45,cedceadda17392c90587fb9400eb9b1f8c236713,cedceadda17392c90587fb9400eb9b1f8c236713,0,0
rq3_scale_e_r1_s30_n_qwen3_8_flash,dp_rq3_qwen3_8_flash_r1_u20,c2-runs/cluster-b-rq3,bd1738b03a98303a92eaefef2ba862ef02d4964544760170fe8d6ca125818c45,cedceadda17392c90587fb9400eb9b1f8c236713,cedceadda17392c90587fb9400eb9b1f8c236713,0,0
rq3_scale_e_r1_s30_n_semif_qwen3_5_4b,dp_rq3_semif_qwen3_5_4b_r1_u20,c2-runs/cluster-b-rq3,bd1738b03a98303a92eaefef2ba862ef02d4964544760170fe8d6ca125818c45,cedceadda17392c90587fb9400eb9b1f8c236713,cedceadda17392c90587fb9400eb9b1f8c236713,0,0
rq5_e_r0p3_s30_b_requery_1s_anyjev_l0,dp_r0p3_s30_u5,c2-runs/rq5-b-m4,4d46bc2e706dd16b058cdadcfa8c6f1161ae8be57361627735a6ba24796778e9,cedceadda17392c90587fb9400eb9b1f8c236713,cedceadda17392c90587fb9400eb9b1f8c236713,0,0
rq5_e_r0p3_s30_b_requery_1s_deepseek_v4_1_flash,dp_r0p3_s30_u5,c2-runs/rq5-b-m4,4d46bc2e706dd16b058cdadcfa8c6f1161ae8be57361627735a6ba24796778e9,cedceadda17392c90587fb9400eb9b1f8c236713,cedceadda17392c90587fb9400eb9b1f8c236713,0,0
rq5_e_r0p3_s30_b_requery_1s_glm_5_3_flash,dp_r0p3_s30_u5,c2-runs/rq5-b-m4,4d46bc2e706dd16b058cdadcfa8c6f1161ae8be57361627735a6ba24796778e9,cedceadda17392c90587fb9400eb9b1f8c236713,cedceadda17392c90587fb9400eb9b1f8c236713,0,0
rq5_e_r0p3_s30_b_requery_1s_jev_1_13_0,dp_r0p3_s30_u5,c2-runs/rq5-b-m4,4d46bc2e706dd16b058cdadcfa8c6f1161ae8be57361627735a6ba24796778e9,cedceadda17392c90587fb9400eb9b1f8c236713,cedceadda17392c90587fb9400eb9b1f8c236713,0,0
rq5_e_r0p3_s30_b_requery_1s_qwen3_5_4b_json,dp_r0p3_s30_u5,c2-runs/rq5-b-m4,4d46bc2e706dd16b058cdadcfa8c6f1161ae8be57361627735a6ba24796778e9,cedceadda17392c90587fb9400eb9b1f8c236713,cedceadda17392c90587fb9400eb9b1f8c236713,0,0
rq5_e_r0p3_s30_b_requery_1s_qwen3_8_flash,dp_r0p3_s30_u5,c2-runs/rq5-b-m4,4d46bc2e706dd16b058cdadcfa8c6f1161ae8be57361627735a6ba24796778e9,cedceadda17392c90587fb9400eb9b1f8c236713,cedceadda17392c90587fb9400eb9b1f8c236713,0,0
rq5_e_r0p3_s30_b_requery_1s_semif_qwen3_5_4b,dp_r0p3_s30_u5,c2-runs/rq5-b-m4,4d46bc2e706dd16b058cdadcfa8c6f1161ae8be57361627735a6ba24796778e9,cedceadda17392c90587fb9400eb9b1f8c236713,cedceadda17392c90587fb9400eb9b1f8c236713,0,0
