design_point,rqs,rate_per_s,speed_kmh,ues_per_cell,interpreter,mode,affected_point,affected_ci_low,affected_ci_high,affected_n,affected_10s_point,affected_10s_ci_low,affected_10s_ci_high,affected_10s_n,network_point,network_ci_low,network_ci_high,network_n,network_10s_point,network_10s_ci_low,network_10s_ci_high,network_10s_n,block_s,n_blocks,block_10s_s,n_blocks_10s
dp_r0p3_s30_u5,RQ1,0.3,30.0,5,Jev-1.13.0,E,0.3500474957119467,0.29914735620365385,0.4023736214812099,74,0.3500474957119467,0.29270054536266615,0.40495597132447886,74,0.31170476190476193,0.26560748812074564,0.35917658730158725,100,0.31170476190476193,0.2873622881355932,0.3363351833756758,100,48.81676346203054,7,10.0,33
dp_r0p3_s30_u5,RQ1,0.3,30.0,5,Jev-1.13.0,P-1,0.34138557909709727,0.30253861761133144,0.379505399960913,74,0.34138557909709727,0.29202612461620847,0.39176916470645085,74,0.3080380952380952,0.26653349475383376,0.3461127308066083,100,0.3080380952380952,0.2857357741061541,0.32899098617707956,100,48.81676346203054,7,10.0,33
dp_r0p3_s30_u5,RQ1,0.3,30.0,5,Jev-1.13.0,P-10,0.34063839424756603,0.29299780334613335,0.3870023447946751,74,0.34063839424756603,0.2931768419973919,0.38592932357440235,74,0.30919047619047624,0.266027676027676,0.34877871148459383,100,0.30919047619047624,0.28718561109837193,0.3311958295980876,100,48.81676346203054,7,10.0,33
dp_r0p3_s30_u5,RQ1,0.3,30.0,5,DeepSeek-V4.1-Flash,E,0.35033405367566633,0.3004474716758682,0.397589480106237,74,0.35033405367566633,0.2972804145995469,0.4019604836758413,74,0.3051,0.26514880952380954,0.33989010989010987,100,0.3051,0.2845756234707322,0.3247888402198155,100,48.81676346203054,7,10.0,33
dp_r0p3_s30_u5,RQ1,0.3,30.0,5,DeepSeek-V4.1-Flash,P-1,0.32755036792063197,0.28037879870665605,0.3772392745551024,74,0.32755036792063197,0.2773941324973998,0.3763395715897401,74,0.30035714285714293,0.2613419913419914,0.338984126984127,100,0.30035714285714293,0.2796421485260771,0.3217628368655155,100,48.81676346203054,7,10.0,33
dp_r0p3_s30_u5,RQ1,0.3,30.0,5,DeepSeek-V4.1-Flash,P-10,0.3417496513037056,0.29915069757622004,0.38318990188460283,74,0.3417496513037056,0.29299961449197515,0.38948554012275644,74,0.3047571428571429,0.26624961160883487,0.33738831615120274,100,0.3047571428571429,0.28462547422815276,0.32418679138322,100,48.81676346203054,7,10.0,33
dp_r0p3_s30_u5,RQ1,0.3,30.0,5,GLM-5.3-Flash,E,0.3255690463806948,0.2775016737011967,0.3698793558879106,74,0.3255690463806948,0.2737998731189556,0.3781071847934465,74,0.2851,0.2535757575757576,0.3111324404761905,100,0.2851,0.2680814642570511,0.30114112079410704,100,48.81676346203054,7,10.0,33
dp_r0p3_s30_u5,RQ1,0.3,30.0,5,GLM-5.3-Flash,P-1,0.3254157331577433,0.2878652784082219,0.3652194016930343,74,0.3254157331577433,0.2817721122663038,0.36756056456281555,74,0.2907095238095238,0.2561230509903076,0.324318747691958,100,0.2907095238095238,0.27246230158730156,0.3093428653530378,100,48.81676346203054,7,10.0,33
dp_r0p3_s30_u5,RQ1,0.3,30.0,5,GLM-5.3-Flash,P-10,0.3321626769038114,0.29222383922677775,0.3732696999052916,74,0.3321626769038114,0.287008624463232,0.37550789324040623,74,0.2973476190476191,0.2610950255102041,0.3286132914704343,100,0.2973476190476191,0.2782236961451247,0.31538118556701034,100,48.81676346203054,7,10.0,33
dp_r0p3_s30_u5,RQ1,0.3,30.0,5,Qwen3.8-Flash,E,0.34025947390893524,0.29237662765832584,0.3867558199416262,74,0.34025947390893524,0.2947724113982816,0.3849512360937957,74,0.3050619047619048,0.266763590391909,0.3367366585895378,100,0.3050619047619048,0.28479199735449734,0.3242961756419287,100,48.81676346203054,7,10.0,33
dp_r0p3_s30_u5,RQ1,0.3,30.0,5,Qwen3.8-Flash,P-1,0.34857946177558036,0.303062557625771,0.3979843633887752,74,0.34857946177558036,0.3015160218146431,0.3946058592251515,74,0.30587142857142857,0.2672371967654986,0.34408369408369405,100,0.30587142857142857,0.2853090386525898,0.3264024644945698,100,48.81676346203054,7,10.0,33
dp_r0p3_s30_u5,RQ1,0.3,30.0,5,Qwen3.8-Flash,P-10,0.34673615939579383,0.30022112818999486,0.3923096398256675,74,0.34673615939579383,0.29346939369861297,0.3978200797033827,74,0.31661428571428574,0.2689628732849072,0.36721164021164016,100,0.31661428571428574,0.29154175060646503,0.34297862981316923,100,48.81676346203054,7,10.0,33
dp_r0p3_s30_u5,RQ1,0.3,30.0,5,SemIf-Qwen3.5-4B,E,0.340801919635643,0.30071457902472404,0.378155000114757,74,0.340801919635643,0.29037280793035697,0.39015092507743065,74,0.3029571428571429,0.2620119047619048,0.3438991596638656,100,0.3029571428571429,0.28087768247794986,0.3257057978363759,100,48.81676346203054,7,10.0,33
dp_r0p3_s30_u5,RQ1,0.3,30.0,5,SemIf-Qwen3.5-4B,P-1,0.351356107943852,0.2987664620774989,0.41186200811585016,74,0.351356107943852,0.29366975482662794,0.40917386798447736,74,0.31207619047619045,0.2646147186147186,0.3700846560846561,100,0.31207619047619045,0.28569399522299005,0.3409626238033207,100,48.81676346203054,7,10.0,33
dp_r0p3_s30_u5,RQ1,0.3,30.0,5,SemIf-Qwen3.5-4B,P-10,0.3241522981913571,0.28937877994573047,0.35566891438897746,74,0.3241522981913571,0.28017168519401797,0.367646260375972,74,0.2988142857142857,0.261820204717401,0.3282154882154882,100,0.2988142857142857,0.27945253633196754,0.3167419799498747,100,48.81676346203054,7,10.0,33
dp_r0p3_s30_u5,RQ1,0.3,30.0,5,AnyJev-L0,E,0.3496137959258527,0.29753615762883623,0.4011326222228932,74,0.3496137959258527,0.29212913374127375,0.4051907594306984,74,0.3160285714285714,0.27174891774891774,0.3550955938697318,100,0.3160285714285714,0.2927102229780802,0.33833444531658813,100,48.81676346203054,7,10.0,33
dp_r0p3_s30_u5,RQ1,0.3,30.0,5,AnyJev-L0,P-1,0.3494793677788345,0.30863000179269723,0.38942028166152115,74,0.3494793677788345,0.2997628039028612,0.39904006781738477,74,0.2996190476190477,0.2613506493506494,0.3342268592830391,100,0.2996190476190477,0.2792333720560785,0.31928018420205917,100,48.81676346203054,7,10.0,33
dp_r0p3_s30_u5,RQ1,0.3,30.0,5,AnyJev-L0,P-10,0.3194337412297322,0.2808063854614638,0.35590701963815347,74,0.3194337412297322,0.2753861803416279,0.36228604697100725,74,0.28962380952380956,0.2543868520859671,0.3246749820120356,100,0.28962380952380956,0.27019726577889847,0.3094935300207039,100,48.81676346203054,7,10.0,33
dp_r0p3_s30_u5,RQ1,0.3,30.0,5,Qwen3.5-4B-JSON,E,0.3554048316281725,0.30820362399708945,0.4076151331590128,74,0.3554048316281725,0.30038947674941646,0.40959529986955756,74,0.3141095238095238,0.26812925170068025,0.36008116883116875,100,0.3141095238095238,0.2903329330286889,0.3389589433599527,100,48.81676346203054,7,10.0,33
dp_r0p3_s30_u5,RQ1,0.3,30.0,5,Qwen3.5-4B-JSON,P-1,0.3392635172673334,0.29788330711648514,0.37983512750326237,74,0.3392635172673334,0.2908928368312223,0.38699473229235,74,0.30632857142857145,0.26661947661947666,0.33743440233236155,100,0.30632857142857145,0.2854858484370896,0.32550609016754856,100,48.81676346203054,7,10.0,33
dp_r0p3_s30_u5,RQ1,0.3,30.0,5,Qwen3.5-4B-JSON,P-10,0.35963537594980194,0.30733044844341634,0.4083914464274809,74,0.35963537594980194,0.3068689163783352,0.4094060446183349,74,0.3224666666666666,0.2760557053009883,0.3625798011512297,100,0.3224666666666666,0.29831067149081864,0.34550559856397484,100,48.81676346203054,7,10.0,33
